symboling,normalized-losses,make,num-of-doors,wheel-base,length,width,height,curb-weight,engine-size,bore,stroke,compression-ratio,horsepower,peak-rpm,city-mpg,highway-mpg,price,price-bin,fuel-type_diesel,fuel-type_gas,aspiration_std,aspiration_turbo,body-style_convertible,body-style_hardtop,body-style_hatchback,body-style_sedan,body-style_wagon,drive-wheels_4wd,drive-wheels_fwd,drive-wheels_rwd,engine-location_front,engine-location_rear,engine-type_dohc,engine-type_l,engine-type_ohc,engine-type_ohcf,engine-type_ohcv,num-of-cylinders_eight,num-of-cylinders_five,num-of-cylinders_four,num-of-cylinders_six,num-of-cylinders_three,num-of-cylinders_twelve,fuel-system_1bbl,fuel-system_2bbl,fuel-system_idi,fuel-system_mfi,fuel-system_mpfi,fuel-system_spdi,fuel-system_spfi
1.7822151188573636,0.9188163050934609,0,2,-1.678014918622113,-0.4428724289793933,-0.8390804491182449,-2.117091507511344,-0.025646043936353616,0.045098035093311555,0.511696500898899,-1.8034951292151435,-0.28752473721971894,0.19805357029446488,-0.21280591191430107,-0.6772919807504216,-0.5556131438227186,0.025957713158758323,Thấp,0,1,1,0,1,0,0,0,0,0,0,1,1,0,1,0,0,0,0,0,0,1,0,0,0,0,0,0,0,1,0,0
1.7822151188573636,0.9188163050934609,0,2,-1.678014918622113,-0.4428724289793933,-0.8390804491182449,-2.117091507511344,-0.025646043936353616,0.045098035093311555,0.511696500898899,-1.8034951292151435,-0.28752473721971894,0.19805357029446488,-0.21280591191430107,-0.6772919807504216,-0.5556131438227186,0.3974460564559638,Thấp,0,1,1,0,1,0,0,0,0,0,0,1,1,0,1,0,0,0,0,0,0,1,0,0,0,0,0,0,0,1,0,0
0.1635444462010287,0.9188163050934609,0,2,-0.7190409724063047,-0.25054305610928895,-0.18420021413341012,-0.6138159025865818,0.49647278303792997,0.5740655958839218,-2.388614483935852,0.7010945633928644,-0.28752473721971894,1.330821716313599,-0.21280591191430107,-0.990387435324868,-0.7023071749551192,0.3974460564559638,Thấp,0,1,1,0,0,0,1,0,0,0,0,1,1,0,0,0,0,0,1,0,0,0,1,0,0,0,0,0,0,1,0,0
0.9728797825291962,1.002740368928311,1,4,0.14241019961806423,0.18219803284845032,0.14323990335900724,0.17957955556815278,-0.42625358026934934,-0.4598255456613618,-0.516261822840001,0.47916889442759697,-0.036109938907804395,-0.03903743701186552,0.8539873607989514,-0.20764879888875215,-0.11553105042551734,0.08220636414053153,Thấp,0,1,1,0,0,0,0,1,0,0,1,0,1,0,0,0,1,0,0,0,0,1,0,0,0,0,0,0,0,1,0,0
0.9728797825291962,1.002740368928311,1,4,0.07739501682377357,0.18219803284845032,0.236794222642556,0.17957955556815278,0.4983713969542001,0.1893619153089325,-0.516261822840001,0.47916889442759697,-0.5389395355316335,0.3034273513195006,0.8539873607989514,-1.1469351626120912,-1.289083299484721,0.5148882947695562,Thấp,0,1,1,0,0,0,0,1,0,1,0,0,1,0,0,0,1,0,0,0,1,0,0,0,0,0,0,0,0,1,0,0
0.9728797825291962,0.9188163050934609,1,2,0.14241019961806423,0.23829409993556597,0.1900170630007783,-0.3215123127400992,-0.10348921450342861,0.1893619153089325,-0.516261822840001,0.47916889442759697,-0.41323213637567624,0.17171012503820593,0.8539873607989514,-0.990387435324868,-0.8490012060875196,0.2429167955170264,Thấp,0,1,1,0,0,0,0,1,0,0,1,0,1,0,0,0,1,0,0,0,1,0,0,0,0,0,0,0,0,1,0,0
0.1635444462010287,0.834892241258611,1,4,1.1176379415324447,1.4724075758520785,2.575652204731242,0.7641867352611179,0.5363436752796025,0.1893619153089325,-0.516261822840001,0.47916889442759697,-0.41323213637567624,0.17171012503820593,0.8539873607989514,-0.990387435324868,-0.8490012060875196,0.5470303810448552,Thấp,0,1,1,0,0,0,0,1,0,0,1,0,1,0,0,0,1,0,0,0,1,0,0,0,0,0,0,0,0,1,0,0
0.1635444462010287,0.9188163050934609,1,4,1.1176379415324447,1.4724075758520785,2.575652204731242,0.7641867352611179,0.7451912060693159,0.1893619153089325,-0.516261822840001,0.47916889442759697,-0.41323213637567624,0.17171012503820593,0.8539873607989514,-0.990387435324868,-0.8490012060875196,0.6966147056337466,Vừa,0,1,1,0,0,0,0,0,1,0,1,0,1,0,0,0,1,0,0,0,1,0,0,0,0,0,0,0,0,1,0,0
0.1635444462010287,0.834892241258611,1,4,1.1176379415324447,1.4724075758520785,2.575652204731242,0.8477020466458252,0.995808243016972,0.06914201512924838,-0.7365386064983366,0.47916889442759697,-0.46351509603805896,0.9620134827259739,0.8539873607989514,-1.3034828898993143,-1.5824713617495219,1.3091686959956945,Vừa,0,1,0,1,0,0,0,1,0,0,1,0,1,0,0,0,1,0,0,0,1,0,0,0,0,0,0,0,0,1,0,0
0.9728797825291962,1.7860316313869107,2,2,0.36996333939808723,0.19822548058762718,-0.5116403316258274,0.17957955556815278,-0.3161339731256823,-0.48386952569729863,0.6218348927280659,-1.4230511252746876,-0.3378076968821017,-0.06538088226812445,1.4940633244269028,-0.3641965261759753,-0.2622250815579178,0.3887924178433833,Thấp,0,1,1,0,0,0,0,1,0,0,0,1,1,0,0,0,1,0,0,0,0,1,0,0,0,0,0,0,0,1,0,0
-0.6457908901271388,1.7860316313869107,2,4,0.36996333939808723,0.19822548058762718,-0.5116403316258274,0.17957955556815278,-0.3161339731256823,-0.48386952569729863,0.6218348927280659,-1.4230511252746876,-0.3378076968821017,-0.06538088226812445,1.4940633244269028,-0.3641965261759753,-0.2622250815579178,0.44998600517520254,Thấp,0,1,1,0,0,0,0,1,0,0,0,1,1,0,0,0,1,0,0,0,0,1,0,0,0,0,0,0,0,1,0,0
-0.6457908901271388,1.6741328796071107,2,2,0.36996333939808723,0.19822548058762718,-0.5116403316258274,0.17957955556815278,0.2819294104994062,0.8625933563151637,-0.07570825552332958,-0.18660811246820244,-0.28752473721971894,0.4614880228570542,-1.8129958209841797,-0.6772919807504216,-0.4089191126903182,0.9500426935736039,Vừa,0,1,1,0,0,0,0,1,0,0,0,1,1,0,0,0,1,0,0,0,0,0,1,0,0,0,0,0,0,1,0,0
-0.6457908901271388,1.6741328796071107,2,4,0.36996333939808723,0.19822548058762718,-0.5116403316258274,0.17957955556815278,0.3863531758942629,0.8625933563151637,-0.07570825552332958,-0.18660811246820244,-0.28752473721971894,0.4614880228570542,-1.8129958209841797,-0.6772919807504216,-0.4089191126903182,0.9667318537550091,Vừa,0,1,1,0,0,0,0,1,0,0,0,1,1,0,0,0,1,0,0,0,0,0,1,0,0,0,0,0,0,1,0,0
0.1635444462010287,0.9188163050934609,2,4,0.743800640465266,1.1758997926773325,0.4706800208514246,0.7641867352611179,0.9369512116125982,0.8625933563151637,-0.07570825552332958,-0.18660811246820244,-0.28752473721971894,0.4614880228570542,-1.8129958209841797,-0.8338397080376448,-0.8490012060875196,1.394468848033988,Vừa,0,1,1,0,0,0,0,1,0,0,0,1,1,0,0,0,1,0,0,0,0,0,1,0,0,0,0,0,0,1,0,0
-0.6457908901271388,0.9188163050934609,2,4,0.743800640465266,1.1758997926773325,0.4706800208514246,0.7641867352611179,1.2692086469598696,1.944572457932321,1.0623884600447373,0.44746522743255956,-0.5389395355316335,2.068438183488849,0.6406287062563009,-1.4600306171865376,-1.289083299484721,2.1603158652473615,Vừa,0,1,1,0,0,0,0,1,0,0,0,1,1,0,0,0,1,0,0,0,0,0,1,0,0,0,0,0,0,1,0,0
-0.6457908901271388,0.9188163050934609,2,2,0.743800640465266,1.5605585384175455,0.9384516172691617,-0.07096637858597175,1.5540007344003879,1.944572457932321,1.0623884600447373,0.44746522743255956,-0.5389395355316335,2.068438183488849,0.6406287062563009,-1.4600306171865376,-1.289083299484721,3.4651609446157488,Cao,0,1,1,0,0,0,0,1,0,0,0,1,1,0,0,0,1,0,0,0,0,0,1,0,0,0,0,0,0,1,0,0
-0.6457908901271388,0.9188163050934609,2,4,1.8002973608725112,1.8169977022443529,2.3417664065223733,1.0147326694152425,1.7913274739341531,1.944572457932321,1.0623884600447373,0.44746522743255956,-0.5389395355316335,2.068438183488849,0.6406287062563009,-1.6165783444737607,-1.5824713617495219,2.916891126804399,Cao,0,1,1,0,0,0,0,1,0,0,0,1,1,0,0,0,1,0,0,0,0,0,1,0,0,0,0,0,0,1,0,0
0.9728797825291962,-0.20017121270453875,3,2,-1.7105225100192571,-2.662673940855203,-2.6166125155056448,-0.27975465704774416,-2.038176795182683,-1.6139365873863296,-1.5442201465788992,-0.6938667843888121,-0.16181733806376167,-1.4615834808498478,0.0005527426283494286,3.392948928717381,3.258431665619693,-1.0055560094608367,Thấp,0,1,1,0,0,0,1,0,0,0,1,0,1,0,0,1,0,0,0,0,0,0,0,1,0,0,1,0,0,0,0,0
0.1635444462010287,-0.8435890354383886,3,2,-0.7190409724063047,-1.4766428081562142,-1.07296624732711,-0.7808465253559992,-1.305311823502416,-0.9166611663441615,-1.1036665792622293,-0.44023744842850726,-0.1366758582325703,-0.8820276852121514,0.6406287062563009,1.9840193831323722,1.7914913542956885,-0.864130829849521,Thấp,0,1,1,0,0,0,1,0,0,0,1,0,1,0,0,0,1,0,0,0,0,1,0,0,0,0,1,0,0,0,0,0
-0.6457908901271388,-1.3191587305025385,3,4,-0.7190409724063047,-1.2442448159381687,-1.07296624732711,-0.7808465253559992,-1.2388603364329616,-0.9166611663441615,-1.1036665792622293,-0.44023744842850726,-0.1366758582325703,-0.8820276852121514,0.6406287062563009,1.9840193831323722,1.7914913542956885,-0.8295162753991991,Thấp,0,1,1,0,0,0,0,1,0,0,1,0,1,0,0,0,1,0,0,0,0,1,0,0,0,0,1,0,0,0,0,0
0.1635444462010287,-0.28409527653938876,4,2,-0.8490713379948882,-1.364450673981985,-0.9794119280435646,-1.281938393664254,-1.3015145956698757,-0.9166611663441615,-1.3239433629205635,-0.05979344448805005,-0.18444466991183395,-0.9347145757246692,0.8539873607989514,1.827471655845149,1.4981032920308877,-0.9535105543766025,Thấp,0,1,1,0,0,0,1,0,0,0,1,0,1,0,0,0,1,0,0,0,0,1,0,0,0,0,1,0,0,0,0,0
0.1635444462010287,-0.28409527653938876,4,2,-0.8490713379948882,-1.364450673981985,-0.9794119280435646,-1.281938393664254,-1.3015145956698757,-0.9166611663441615,-1.3239433629205635,-0.05979344448805005,-0.18695881789495306,-0.9347145757246692,0.8539873607989514,0.88818529212181,1.0580211986336863,-0.8539937103319267,Thấp,0,1,1,0,0,0,1,0,0,0,1,0,1,0,0,0,1,0,0,0,0,1,0,0,0,0,1,0,0,0,0,0
0.1635444462010287,-0.28409527653938876,4,2,-0.8490713379948882,-1.364450673981985,-0.9794119280435646,-1.281938393664254,-0.8230638887698049,-0.724309326056667,-1.1036665792622293,0.44746522743255956,-0.6395054548563994,-0.03903743701186552,0.8539873607989514,-0.20764879888875215,-0.11553105042551734,-0.6586687245051099,Thấp,0,1,0,1,0,0,1,0,0,0,1,0,1,0,0,0,1,0,0,0,0,1,0,0,0,0,0,0,0,1,0,0
0.1635444462010287,0.555145361809111,4,4,-0.8490713379948882,-1.364450673981985,-0.9794119280435646,-1.3654537050489615,-1.1287407292892946,-0.9166611663441615,-1.3239433629205635,-0.05979344448805005,-0.18695881789495306,-0.9347145757246692,0.8539873607989514,0.88818529212181,1.0580211986336863,-0.8722899748270969,Thấp,0,1,1,0,0,0,1,0,0,0,1,0,1,0,0,0,1,0,0,0,0,1,0,0,0,0,1,0,0,0,0,0
0.1635444462010287,0.555145361809111,4,4,-0.8490713379948882,-1.364450673981985,-0.9794119280435646,-1.3654537050489615,-1.0869712231313517,-0.9166611663441615,-1.3239433629205635,-0.05979344448805005,-0.18695881789495306,-0.9347145757246692,0.8539873607989514,0.88818529212181,1.0580211986336863,-0.8150523365753145,Thấp,0,1,1,0,0,0,0,1,0,0,1,0,1,0,0,0,1,0,0,0,0,1,0,0,0,0,1,0,0,0,0,0
0.1635444462010287,0.555145361809111,4,4,-0.8490713379948882,-1.364450673981985,-0.9794119280435646,-1.3654537050489615,-1.0869712231313517,-0.9166611663441615,-1.3239433629205635,-0.05979344448805005,-0.18695881789495306,-0.9347145757246692,0.8539873607989514,0.88818529212181,1.0580211986336863,-0.70168967075051,Thấp,0,1,1,0,0,0,0,1,0,0,1,0,1,0,0,0,1,0,0,0,0,1,0,0,0,0,1,0,0,0,0,0
-1.4551262264553062,-0.5078927800989886,4,4,0.7112930490681194,0.021923555456695203,-0.6051946509093762,2.4762506186476494,-0.0503280248478652,-0.14725380519418307,0.03443013630583745,0.6693908963978256,-0.41323213637567624,-0.40784567059949056,-0.21280591191430107,-0.20764879888875215,-0.11553105042551734,-0.5394957584690014,Thấp,0,1,1,0,0,0,0,0,1,0,1,0,1,0,0,0,1,0,0,0,0,1,0,0,0,0,1,0,0,0,0,0
1.7822151188573636,0.47122129797426104,4,2,-0.49148783262628165,-0.09026857871753383,0.1900170630007783,-1.5324843278183786,0.4736894160426885,0.670241516027669,0.9889628654919588,2.0643522441795006,-0.7903543338435481,1.0937307090072685,-0.21280591191430107,-0.990387435324868,-0.99569523721992,-0.039686316888102285,Thấp,0,1,0,1,0,0,1,0,0,0,1,0,1,0,0,0,1,0,0,0,0,1,0,0,0,0,0,0,1,0,0,0
0.9728797825291962,0.2474237944146611,5,2,-2.003090832593573,-2.3821936054196313,-0.9326347684017903,-1.281938393664254,-1.6109886640219055,-0.8685732062722878,-1.5442201465788992,0.5108725614226357,-0.1366758582325703,-1.1981490282872584,-0.639523220999602,3.706044383291827,3.4051256967520933,-0.8413841226393095,Thấp,0,1,1,0,0,0,1,0,0,0,1,0,1,0,0,0,1,0,0,0,0,1,0,0,0,1,0,0,0,0,0,0
0.9728797825291962,0.2474237944146611,5,2,-2.003090832593573,-2.3821936054196313,-0.9326347684017903,-1.281938393664254,-1.4097355888972727,-0.8685732062722878,-1.5442201465788992,0.5108725614226357,-0.23724177755733622,-0.7239670136745977,1.9207806335122037,0.88818529212181,1.0580211986336863,-0.7949017209488771,Thấp,0,1,1,0,0,0,1,0,0,0,1,0,1,0,0,0,1,0,0,0,0,1,0,0,0,1,0,0,0,0,0,0
0.1635444462010287,-0.7596649716035386,5,2,-0.8490713379948882,-1.949452516461892,-0.8858576087600158,-0.5303005912018717,-1.3755605384044103,-1.1811449467394666,-1.5442201465788992,-0.5670521164086597,-0.010968459076613028,-1.1454621377747407,0.8539873607989514,1.9840193831323722,1.644797323163288,-0.9748974040905514,Thấp,0,1,1,0,0,0,1,0,0,0,1,0,1,0,0,0,1,0,0,0,0,1,0,0,0,1,0,0,0,0,0,0
0.1635444462010287,-0.7596649716035386,5,2,-0.8490713379948882,-1.949452516461892,-0.8858576087600158,-0.5303005912018717,-1.1800033050285879,-0.8685732062722878,-1.5442201465788992,0.5108725614226357,-0.23724177755733622,-0.7239670136745977,1.9207806335122037,0.7316375648345869,0.47124507410408445,-0.835202952201752,Thấp,0,1,1,0,0,0,1,0,0,0,1,0,1,0,0,0,1,0,0,0,0,1,0,0,0,1,0,0,0,0,0,0
0.1635444462010287,-0.7596649716035386,5,2,-0.8490713379948882,-1.949452516461892,-0.8858576087600158,-0.5303005912018717,-1.149625482368266,-0.8685732062722878,-1.5442201465788992,0.5108725614226357,-0.23724177755733622,-0.7239670136745977,1.9207806335122037,0.7316375648345869,0.47124507410408445,-0.7610289069510621,Thấp,0,1,1,0,0,0,1,0,0,0,1,0,1,0,0,0,1,0,0,0,0,1,0,0,0,1,0,0,0,0,0,0
-0.6457908901271388,-0.5078927800989886,5,4,-0.39396505843484453,-0.8756135179371325,-0.8858576087600158,0.26309486695286294,-1.0471003308896794,-0.8685732062722878,-1.5442201465788992,0.5108725614226357,-0.23724177755733622,-0.7239670136745977,1.9207806335122037,0.7316375648345869,0.47124507410408445,-0.7405074210983712,Thấp,0,1,1,0,0,0,0,1,0,0,1,0,1,0,0,0,1,0,0,0,0,1,0,0,0,1,0,0,0,0,0,0
-0.6457908901271388,-1.4030827943373885,5,4,-0.39396505843484453,-1.380478121721162,-0.9326347684017903,1.849885783262332,-1.0205197360618976,-0.8685732062722878,-1.5075073493025106,0.5108725614226357,-0.23724177755733622,-0.7239670136745977,1.9207806335122037,0.7316375648345869,0.47124507410408445,-0.7405074210983712,Thấp,0,1,1,0,0,0,0,0,1,0,1,0,1,0,0,0,1,0,0,0,0,1,0,0,0,1,0,0,0,0,0,0
-0.6457908901271388,-0.6197915318787887,5,2,-0.39396505843484453,-0.547050839284035,-0.3245316930587299,-0.23799700135539206,-0.6180135858126317,-0.43578156562542497,-0.663113011945558,1.0498349003382828,-0.28752473721971894,-0.4605325611120084,1.4940633244269028,0.26199438297291733,0.324551042971684,-0.6663333758476812,Thấp,0,1,1,0,0,0,1,0,0,0,1,0,1,0,0,0,1,0,0,0,0,1,0,0,0,1,0,0,0,0,0,0
-0.6457908901271388,-0.6197915318787887,5,2,-0.39396505843484453,-0.547050839284035,-0.3245316930587299,-0.23799700135539206,-0.5173870482503152,-0.43578156562542497,-0.663113011945558,1.0498349003382828,-0.28752473721971894,-0.4605325611120084,1.4940633244269028,0.26199438297291733,0.324551042971684,-0.5179852853463013,Thấp,0,1,1,0,0,0,1,0,0,0,1,0,1,0,0,0,1,0,0,0,0,1,0,0,0,1,0,0,0,0,0,0
-0.6457908901271388,-1.2072599787227385,5,4,-0.39396505843484453,0.08603334641339816,-0.3245316930587299,0.09606424418344559,-0.4889078395062634,-0.43578156562542497,-0.663113011945558,1.0498349003382828,-0.28752473721971894,-0.4605325611120084,1.4940633244269028,0.26199438297291733,0.324551042971684,-0.5488911375340888,Thấp,0,1,1,0,0,0,0,1,0,0,1,0,1,0,0,0,1,0,0,0,0,1,0,0,0,1,0,0,0,0,0,0
-0.6457908901271388,-1.2072599787227385,5,4,-0.39396505843484453,0.08603334641339816,-1.5875150033866217,0.09606424418344559,-0.3598020931998951,-0.43578156562542497,-0.663113011945558,1.0498349003382828,-0.28752473721971894,-0.4605325611120084,1.4940633244269028,0.26199438297291733,0.324551042971684,-0.3696371948449214,Thấp,0,1,1,0,0,0,0,1,0,0,1,0,1,0,0,0,1,0,0,0,0,1,0,0,0,1,0,0,0,0,0,0
-0.6457908901271388,-1.2072599787227385,5,4,-0.39396505843484453,0.08603334641339816,-0.3245316930587299,0.09606424418344559,-0.18323099898677375,-0.43578156562542497,-0.663113011945558,1.0498349003382828,-0.28752473721971894,-0.06538088226812445,1.4940633244269028,-0.20764879888875215,-0.4089191126903182,-0.04203516165437413,Thấp,0,1,1,0,0,0,0,1,0,0,1,0,1,0,0,0,1,0,0,0,0,1,0,0,0,0,0,0,0,1,0,0
0.1635444462010287,-0.5918168439338387,5,2,-0.39396505843484453,-0.41883125737063137,0.04968558407545848,-1.198423082279544,-0.5097925925852347,-0.43578156562542497,-0.663113011945558,1.0498349003382828,-0.2623832573885276,-0.09172432752438338,0.8539873607989514,-0.051101071601528984,0.031162980706883107,-0.3634560244073639,Thấp,0,1,1,0,0,0,0,1,0,0,1,0,1,0,0,0,1,0,0,0,0,1,0,0,0,0,1,0,0,0,0,0
-0.6457908901271388,0.9188163050934609,6,4,-0.7515485638034511,-0.2906116754572277,-1.914955120879039,-0.1544816899706819,-0.42625358026934934,-0.4117375855894882,-0.07570825552332958,-0.05979344448805005,-0.41323213637567624,-0.6712801231620799,-0.639523220999602,-0.20764879888875215,-0.2622250815579178,-0.8035553595614576,Thấp,0,1,1,0,0,0,0,1,0,0,0,1,1,0,0,0,1,0,0,0,0,1,0,0,0,0,1,0,0,0,0,0
0.9728797825291962,0.9188163050934609,6,2,-0.47523403692770955,-0.1383509219350599,-0.3245316930587299,-1.0313924595101267,0.32749614448988906,-0.21938574530199356,0.3648453117933418,-0.05979344448805005,-0.23724177755733622,-0.3551587800869727,-0.21280591191430107,-0.20764879888875215,-0.2622250815579178,-0.27654876805530554,Thấp,0,1,1,0,0,0,1,0,0,0,0,1,1,0,0,0,1,0,0,0,0,1,0,0,0,0,0,0,0,0,0,1
-0.6457908901271388,0.47122129797426104,7,4,2.2879112318297015,2.0253545228536343,1.7336633311793097,-0.4467852798171645,2.8564498809616916,3.1227274796932254,1.0991012573211258,2.9203512530455287,-0.5137980557004421,1.9103775119512953,-0.7462025482709272,-1.6165783444737607,-1.7291653928819224,2.344514744286575,Cao,0,1,1,0,0,0,0,1,0,0,0,1,1,0,1,0,0,0,0,0,0,0,1,0,0,0,0,0,0,1,0,0
-0.6457908901271388,0.9188163050934609,7,4,2.2879112318297015,2.0253545228536343,1.7336633311793097,-0.4467852798171645,2.8564498809616916,3.1227274796932254,1.0991012573211258,2.9203512530455287,-0.5137980557004421,1.9103775119512953,-0.7462025482709272,-1.6165783444737607,-1.7291653928819224,2.75247199316537,Cao,0,1,1,0,0,0,0,1,0,0,0,1,1,0,1,0,0,0,0,0,0,0,1,0,0,0,0,0,0,1,0,0
-0.6457908901271388,0.9188163050934609,7,2,0.49999370498667084,1.3922703371562009,2.2014349275970466,-2.534668064434889,2.6362106666743577,4.75771812213693,0.7686860818336231,-1.54986579325484,0.34101225856006745,4.175913803989563,-0.21280591191430107,-1.929673799048207,-2.0225534551467232,2.808102527103387,Cao,0,1,1,0,0,0,0,1,0,0,0,1,1,0,0,0,0,0,1,0,0,0,0,0,1,0,0,0,0,1,0,0
0.1635444462010287,-0.6757409077686887,8,2,-0.9465941121863277,-1.2202036443294069,-0.7923032894764671,0.09606424418344559,-1.274934000842094,-0.8926171863082247,-1.1036665792622293,-0.31342278044835487,-0.28752473721971894,-0.9347145757246692,-0.21280591191430107,0.7316375648345869,0.031162980706883107,-1.000116579475786,Thấp,0,1,1,0,0,0,1,0,0,0,1,0,1,0,0,0,1,0,0,0,0,1,0,0,0,0,1,0,0,0,0,0
0.1635444462010287,-0.6757409077686887,8,2,-0.9465941121863277,-1.2202036443294069,-0.7923032894764671,0.09606424418344559,-1.2559478616793927,-0.8926171863082247,-1.1036665792622293,-0.31342278044835487,-0.28752473721971894,-0.9347145757246692,-0.21280591191430107,0.88818529212181,1.0580211986336863,-0.8888555115997511,Thấp,0,1,1,0,0,0,1,0,0,0,1,0,1,0,0,0,1,0,0,0,0,1,0,0,0,0,1,0,0,0,0,0
0.1635444462010287,-0.6757409077686887,8,2,-0.9465941121863277,-1.2202036443294069,-0.7923032894764671,0.09606424418344559,-1.246454792098042,-0.8926171863082247,-1.1036665792622293,-0.31342278044835487,-0.28752473721971894,-0.9347145757246692,-0.21280591191430107,0.88818529212181,1.0580211986336863,-0.8023191254739461,Thấp,0,1,1,0,0,0,1,0,0,0,1,0,1,0,0,0,1,0,0,0,0,1,0,0,0,0,1,0,0,0,0,0
0.1635444462010287,-0.4239687162641387,8,4,-0.9465941121863277,-0.6031469063711483,-0.7923032894764671,0.09606424418344559,-1.1705102354472372,-0.8926171863082247,-1.1036665792622293,-0.31342278044835487,-0.28752473721971894,-0.9347145757246692,-0.21280591191430107,0.88818529212181,1.0580211986336863,-0.8146814663490611,Thấp,0,1,1,0,0,0,0,1,0,0,1,0,1,0,0,0,1,0,0,0,0,1,0,0,0,0,1,0,0,0,0,0
0.1635444462010287,-0.4239687162641387,8,4,-0.9465941121863277,-0.6031469063711483,-0.7923032894764671,0.09606424418344559,-1.1610171658658865,-0.8926171863082247,-0.9201025928802822,-0.31342278044835487,-0.28752473721971894,-0.9347145757246692,-0.21280591191430107,0.88818529212181,1.0580211986336863,-0.7281450802232562,Thấp,0,1,1,0,0,0,0,1,0,0,1,0,1,0,0,0,1,0,0,0,0,1,0,0,0,0,1,0,0,0,0,0
0.1635444462010287,0.02362629085506118,8,2,-0.020127757367665845,0.27836271928350476,0.28357138228432704,-0.07096637858597175,-0.3351201122883835,-0.14725380519418307,0.21799412268778467,0.44746522743255956,-0.3880906565444849,-0.5132194516245263,-0.639523220999602,0.10544665568569418,0.17785701183928357,-0.5488911375340888,Thấp,0,1,1,0,0,0,1,0,0,0,1,0,1,0,0,0,1,0,0,0,0,1,0,0,0,0,1,0,0,0,0,0
-0.6457908901271388,-0.3680193403742387,8,4,-0.020127757367665845,0.27836271928350476,0.28357138228432704,0.6806714238764078,-0.28765476438163046,-0.14725380519418307,0.21799412268778467,0.44746522743255956,-0.3880906565444849,-0.5132194516245263,-0.639523220999602,0.10544665568569418,0.17785701183928357,-0.5921593305969912,Thấp,0,1,1,0,0,0,0,1,0,0,1,0,1,0,0,0,1,0,0,0,0,1,0,0,0,0,1,0,0,0,0,0
0.1635444462010287,0.02362629085506118,8,2,-0.020127757367665845,0.27836271928350476,0.28357138228432704,-0.07096637858597175,-0.3351201122883835,-0.14725380519418307,0.21799412268778467,0.44746522743255956,-0.3880906565444849,-0.5132194516245263,-0.639523220999602,0.10544665568569418,0.17785701183928357,-0.33255017221957645,Thấp,0,1,1,0,0,0,1,0,0,0,1,0,1,0,0,0,1,0,0,0,0,1,0,0,0,0,1,0,0,0,0,0
-0.6457908901271388,-0.3680193403742387,8,4,-0.020127757367665845,0.27836271928350476,0.28357138228432704,0.6806714238764078,-0.28765476438163046,-0.14725380519418307,0.21799412268778467,0.44746522743255956,-0.3880906565444849,-0.5132194516245263,-0.639523220999602,0.10544665568569418,0.17785701183928357,-0.3758183652824789,Thấp,0,1,1,0,0,0,0,1,0,0,1,0,1,0,0,0,1,0,0,0,0,1,0,0,0,0,1,0,0,0,0,0
-0.6457908901271388,-0.3680193403742387,8,4,-0.020127757367665845,0.27836271928350476,0.28357138228432704,0.6806714238764078,-0.2591755556375786,-0.14725380519418307,0.21799412268778467,0.44746522743255956,-0.3880906565444849,-0.5132194516245263,-0.639523220999602,0.10544665568569418,0.17785701183928357,-0.252194956531329,Thấp,0,1,1,0,0,0,1,0,0,0,1,0,1,0,0,0,1,0,0,0,0,1,0,0,0,0,1,0,0,0,0,0
-0.6457908901271388,-0.28409527653938876,8,4,0.971353780245289,0.05397845093504668,0.09646274371722953,0.22133721126050784,0.20598485384860127,0.2855378354526798,1.5763676219141856,-0.2817191134533161,-0.5389395355316335,0.4351445776007953,-0.21280591191430107,-0.990387435324868,-0.5556131438227186,0.6174957240330107,Thấp,0,1,1,0,0,0,0,1,0,0,0,1,1,0,0,0,1,0,0,0,0,1,0,0,0,0,0,0,0,1,0,0
-0.6457908901271388,0.9188163050934609,8,4,0.971353780245289,0.05397845093504668,0.09646274371722953,0.22133721126050784,0.2629432713367049,0.14127395523705885,0.3648453117933418,1.2400569023085113,2.9808676408351706,-0.8293407946996335,-1.919675148255505,0.88818529212181,1.2047152297660868,0.6254076221930842,Thấp,1,0,1,0,0,0,0,1,0,0,0,1,1,0,0,0,1,0,0,0,0,1,0,0,0,0,0,1,0,0,0,0
-1.4551262264553062,-0.9834624751631386,9,4,1.8002973608725112,1.3281605461995003,2.061103448671727,1.0982479807999526,1.8103136130968545,1.3194289769979635,0.9155372709391801,1.2400569023085113,2.8551602416792132,0.5141749133695721,-1.5996371664415292,-0.5207442534631985,-0.8490012060875196,1.516485152471373,Vừa,1,0,0,1,0,0,0,1,0,0,0,1,1,0,0,0,1,0,0,0,1,0,0,0,0,0,0,1,0,0,0,0
-1.4551262264553062,-0.9834624751631386,9,4,1.8002973608725112,1.3281605461995003,2.061103448671727,2.0169164060317524,2.2564878834203332,1.3194289769979635,0.9155372709391801,1.2400569023085113,2.8551602416792132,0.5141749133695721,-1.5996371664415292,-0.5207442534631985,-0.8490012060875196,1.849773862464473,Vừa,1,0,0,1,0,0,0,0,1,0,0,1,1,0,0,0,1,0,0,0,1,0,0,0,0,0,0,1,0,0,0,0
-0.6457908901271388,-0.9834624751631386,9,2,1.2639221028196026,1.0556939346335161,2.061103448671727,0.43012548972228026,1.7723413347714518,1.3194289769979635,0.9155372709391801,1.2400569023085113,2.8551602416792132,0.5141749133695721,-1.5996371664415292,-0.5207442534631985,-0.8490012060875196,1.8408729770343901,Vừa,1,0,0,1,0,1,0,0,0,0,0,1,1,0,0,0,1,0,0,0,1,0,0,0,0,0,0,1,0,0,0,0
-1.4551262264553062,-0.9834624751631386,9,4,2.7105099199925986,2.265766238941267,2.7159836836565616,1.0147326694152425,2.2944601617457354,1.3194289769979635,0.9155372709391801,1.2400569023085113,2.8551602416792132,0.5141749133695721,-1.5996371664415292,-0.5207442534631985,-0.8490012060875196,2.2641595285983276,Vừa,1,0,0,1,0,0,0,1,0,0,0,1,1,0,0,0,1,0,0,0,1,0,0,0,0,0,0,1,0,0,0,0
-1.4551262264553062,0.9188163050934609,9,4,2.7105099199925986,2.265766238941267,2.7159836836565616,1.0982479807999526,2.237501744257632,2.5456719588307415,0.4749837036225088,-0.47194111542354467,-0.46351509603805896,1.357165161569858,-0.7462025482709272,-1.4600306171865376,-1.8758594240143227,2.5836024168112988,Cao,0,1,1,0,0,0,0,1,0,0,0,1,1,0,0,0,0,0,1,1,0,0,0,0,0,0,0,0,0,1,0,0
1.7822151188573636,0.3872972341394111,9,2,-0.3777112627362724,0.4787058160231986,2.1546577679552756,-1.281938393664254,2.133077978862775,2.5456719588307415,0.4749837036225088,-0.47194111542354467,-0.46351509603805896,1.357165161569858,-0.7462025482709272,-1.4600306171865376,-1.8758594240143227,2.6914020292423015,Cao,0,1,1,0,1,0,0,0,0,0,0,1,1,0,0,0,0,0,1,1,0,0,0,0,0,0,0,0,0,1,0,0
-0.6457908901271388,0.9188163050934609,9,4,3.57196109201697,2.7065210517685934,2.7159836836565616,1.1817632921846628,2.5412799708608516,4.324926481490067,1.7232188110197428,0.32065055945240717,-0.5389395355316335,2.121125074001367,-1.2795991846275534,-1.7731260717609838,-2.1692474862791236,3.4212746345090905,Cao,0,1,1,0,0,0,0,1,0,0,0,1,1,0,0,0,0,0,1,1,0,0,0,0,0,0,0,0,0,1,0,0
0.1635444462010287,0.9188163050934609,9,2,2.1253732748439713,1.9932996273752825,2.8563151625818817,0.6389137681840527,2.190036396350879,4.228750561346319,1.7232188110197428,0.32065055945240717,-0.5389395355316335,2.121125074001367,-1.2795991846275534,-1.7731260717609838,-2.1692474862791236,3.9701625693641964,Cao,0,1,1,0,0,1,0,0,0,0,0,1,1,0,0,0,0,0,1,1,0,0,0,0,0,0,0,0,0,1,0,0
0.1635444462010287,0.9188163050934609,10,2,0.6137702748766823,0.32644506250103084,0.9852287769109328,0.3883678340299252,0.6616521937534305,0.2855378354526798,1.6497932164669642,-0.40853378143346847,-0.5389395355316335,1.8840340666950366,-0.21280591191430107,-0.990387435324868,-0.99569523721992,0.39781692668221724,Thấp,0,1,0,1,0,0,1,0,0,0,0,1,1,0,0,0,1,0,0,0,0,1,0,0,0,0,0,0,0,1,0,0
0.9728797825291962,0.9188163050934609,11,2,-0.8490713379948882,-1.364450673981985,-0.6987489701929184,-1.281938393664254,-1.2217728111865305,-0.8685732062722878,-1.3239433629205635,-0.05979344448805005,-0.18695881789495306,-0.9347145757246692,0.8539873607989514,1.827471655845149,1.4981032920308877,-0.9761336381780629,Thấp,0,1,1,0,0,0,1,0,0,0,1,0,1,0,0,0,1,0,0,0,0,1,0,0,0,0,1,0,0,0,0,0
0.9728797825291962,0.9188163050934609,11,2,-0.8490713379948882,-1.364450673981985,-0.6987489701929184,-1.281938393664254,-1.1724088493635074,-0.8685732062722878,-1.3239433629205635,-0.05979344448805005,-0.18695881789495306,-0.9347145757246692,0.8539873607989514,0.88818529212181,1.0580211986336863,-0.8772349111771429,Thấp,0,1,1,0,0,0,1,0,0,0,1,0,1,0,0,0,1,0,0,0,0,1,0,0,0,0,1,0,0,0,0,0
0.9728797825291962,0.9188163050934609,11,2,-0.8490713379948882,-1.364450673981985,-0.6987489701929184,-1.281938393664254,-1.0584920143873,-0.8685732062722878,-1.3239433629205635,-0.05979344448805005,-0.18695881789495306,-0.9347145757246692,0.8539873607989514,0.88818529212181,1.0580211986336863,-0.817895674976591,Thấp,0,1,1,0,0,0,1,0,0,0,1,0,1,0,0,0,1,0,0,0,0,1,0,0,0,0,1,0,0,0,0,0
0.1635444462010287,0.9188163050934609,11,2,-0.9628479078848997,-1.364450673981985,-0.9794119280435646,-1.281938393664254,-0.7907874521932128,-0.724309326056667,-1.1036665792622293,0.44746522743255956,-0.6395054548563994,-0.03903743701186552,0.8539873607989514,-0.20764879888875215,-0.11553105042551734,-0.6917997980504181,Thấp,0,1,0,1,0,0,1,0,0,0,1,0,1,0,0,0,1,0,0,0,0,1,0,0,0,0,0,0,0,0,1,0
1.7822151188573636,0.695018801533861,11,2,-0.426472649831991,-0.10629602645670844,-0.23097737377518118,-1.8665455733572163,-0.36359932103243536,-0.43578156562542497,-0.5896874173927795,0.6693908963978256,-0.6646469346875908,0.32977079657575953,0.8539873607989514,-0.3641965261759753,-0.11553105042551734,-0.4111746601853078,Thấp,0,1,0,1,0,0,1,0,0,0,1,0,1,0,0,0,1,0,0,0,0,1,0,0,0,0,0,0,0,0,1,0
1.7822151188573636,0.695018801533861,11,2,-0.426472649831991,-0.10629602645670844,-0.23097737377518118,-1.8665455733572163,-0.4433411055157805,-0.14725380519418307,0.07114293358222755,0.6693908963978256,-0.41323213637567624,-0.40784567059949056,-0.21280591191430107,-0.051101071601528984,0.17785701183928357,-0.5916648369619867,Thấp,0,1,1,0,0,0,1,0,0,0,1,0,1,0,0,0,1,0,0,0,0,1,0,0,0,0,1,0,0,0,0,0
1.7822151188573636,0.9188163050934609,11,2,-0.49148783262628165,-0.09026857871753383,0.1900170630007783,-1.5324843278183786,0.5154589222006312,0.670241516027669,0.9155372709391801,1.937537576199348,-0.7903543338435481,1.0937307090072685,-0.21280591191430107,-0.990387435324868,-0.99569523721992,-0.0811001588197375,Thấp,0,1,0,1,0,0,1,0,0,0,1,0,1,0,0,0,1,0,0,0,0,1,0,0,0,0,0,0,0,0,1,0
1.7822151188573636,0.9188163050934609,11,2,-0.49148783262628165,-0.09026857871753383,0.1900170630007783,-1.5324843278183786,0.6825369468324018,0.670241516027669,0.9522500682155687,1.937537576199348,-0.7903543338435481,1.0937307090072685,-0.21280591191430107,-0.990387435324868,-0.99569523721992,0.1958162767828383,Thấp,0,1,0,1,0,0,1,0,0,0,1,0,1,0,0,0,1,0,0,0,0,1,0,0,0,0,0,0,0,0,1,0
1.7822151188573636,0.9188163050934609,11,2,-0.49148783262628165,-0.09026857871753383,0.1900170630007783,-1.5324843278183786,0.6920300164137525,0.670241516027669,0.9522500682155687,1.937537576199348,-0.7903543338435481,1.0937307090072685,-0.21280591191430107,-0.990387435324868,-0.99569523721992,0.14883938145740133,Thấp,0,1,0,1,0,0,1,0,0,0,1,0,1,0,0,0,1,0,0,0,0,1,0,0,0,0,0,0,0,0,1,0
0.1635444462010287,-0.0882724609247388,11,4,-0.426472649831991,-0.15437836967423452,-0.23097737377518118,-0.9478771481254166,-0.37309239061378596,-0.14725380519418307,0.07114293358222755,0.6693908963978256,-0.41323213637567624,-0.40784567059949056,-0.21280591191430107,-0.051101071601528984,0.17785701183928357,-0.7783361841762231,Thấp,0,1,1,0,0,0,0,1,0,0,1,0,1,0,0,0,1,0,0,0,0,1,0,0,0,0,1,0,0,0,0,0
0.1635444462010287,-0.0882724609247388,11,4,-0.426472649831991,-0.15437836967423452,-0.23097737377518118,-0.9478771481254166,-0.29714783396298106,-0.14725380519418307,0.07114293358222755,0.6693908963978256,-0.41323213637567624,-0.40784567059949056,-0.21280591191430107,-0.051101071601528984,0.17785701183928357,-0.6299880936748431,Thấp,0,1,1,0,0,0,0,1,0,0,1,0,1,0,0,0,1,0,0,0,0,1,0,0,0,0,1,0,0,0,0,0
0.1635444462010287,-0.0882724609247388,11,4,-0.426472649831991,-0.15437836967423452,-0.23097737377518118,-0.9478771481254166,-0.30094506179552133,-0.43578156562542497,-0.5896874173927795,0.6693908963978256,-0.6646469346875908,0.32977079657575953,0.8539873607989514,-0.3641965261759753,-0.11553105042551734,-0.49523857813608974,Thấp,0,1,0,1,0,0,0,1,0,0,1,0,1,0,0,0,1,0,0,0,0,1,0,0,0,0,0,0,0,0,1,0
-1.4551262264553062,0.2474237944146611,11,4,-0.426472649831991,-0.15437836967423452,-0.23097737377518118,-0.9478771481254166,-0.30094506179552133,-0.43578156562542497,-0.5896874173927795,0.6693908963978256,-0.6646469346875908,0.32977079657575953,0.8539873607989514,-0.3641965261759753,-0.11553105042551734,-0.49523857813608974,Thấp,0,1,1,0,0,0,0,1,0,0,1,0,1,0,0,0,1,0,0,0,0,1,0,0,0,0,0,0,0,0,1,0
0.1635444462010287,-0.004348397089888814,12,2,-0.7190409724063047,-0.7233527644149647,-0.9794119280435646,0.26309486695286294,-1.276832614758364,-0.7483533060926038,-0.663113011945558,0.13042855748217855,-0.18695881789495306,-0.9083711304684102,0.2139113971709999,0.88818529212181,0.9113271675012858,-0.9625350632154364,Thấp,0,1,1,0,0,0,0,1,0,0,1,0,1,0,0,0,1,0,0,0,0,1,0,0,0,0,1,0,0,0,0,0
0.1635444462010287,-0.004348397089888814,12,2,-0.7190409724063047,-0.7233527644149647,-0.9794119280435646,0.26309486695286294,-1.0338100334757885,-0.6040894258769828,-1.2505177683677848,0.7010945633928644,2.9557261610039784,-1.2771793640560354,-0.639523220999602,3.079853474142934,2.8183495722224916,-0.7647376092135966,Thấp,1,0,1,0,0,0,0,1,0,0,1,0,1,0,0,0,1,0,0,0,0,1,0,0,0,0,0,1,0,0,0,0
0.1635444462010287,-0.004348397089888814,12,2,-0.7190409724063047,-0.7233527644149647,-0.9794119280435646,0.26309486695286294,-1.2217728111865305,-0.7483533060926038,-0.663113011945558,0.13042855748217855,-0.18695881789495306,-0.9083711304684102,0.2139113971709999,0.88818529212181,0.9113271675012858,-0.820368143151614,Thấp,0,1,1,0,0,0,0,1,0,0,1,0,1,0,0,0,1,0,0,0,0,1,0,0,0,0,1,0,0,0,0,0
0.1635444462010287,-0.17219652475958877,12,4,-0.7190409724063047,-0.7233527644149647,-0.9794119280435646,0.26309486695286294,-1.183800532861128,-0.7483533060926038,-0.663113011945558,0.13042855748217855,-0.18695881789495306,-0.9083711304684102,0.2139113971709999,0.88818529212181,0.9113271675012858,-0.795643461401384,Thấp,0,1,1,0,0,0,0,1,0,0,1,0,1,0,0,0,1,0,0,0,0,1,0,0,0,0,1,0,0,0,0,0
0.1635444462010287,-0.7037155957136386,12,4,-0.7190409724063047,-0.3306802948051665,-0.9794119280435646,-0.1544816899706819,-1.0205197360618976,-0.7483533060926038,-0.663113011945558,0.13042855748217855,-0.18695881789495306,-0.9083711304684102,0.2139113971709999,0.88818529212181,0.9113271675012858,-0.733831757025809,Thấp,0,1,1,0,0,0,0,0,1,0,1,0,1,0,0,0,1,0,0,0,0,1,0,0,0,0,1,0,0,0,0,0
0.1635444462010287,-0.004348397089888814,12,2,-0.7190409724063047,-0.7233527644149647,-0.9794119280435646,0.26309486695286294,-1.1591185519496165,-0.7483533060926038,-0.663113011945558,0.13042855748217855,-0.18695881789495306,-0.9083711304684102,0.2139113971709999,0.88818529212181,0.9113271675012858,-0.7400129274633666,Thấp,0,1,1,0,0,0,0,1,0,0,1,0,1,0,0,0,1,0,0,0,0,1,0,0,0,0,1,0,0,0,0,0
0.1635444462010287,-0.004348397089888814,12,2,-0.7190409724063047,-0.6993115928062028,-0.9794119280435646,-0.23799700135539206,-1.0129252803968172,-0.7483533060926038,-0.663113011945558,0.13042855748217855,-0.18695881789495306,-0.9083711304684102,0.2139113971709999,0.88818529212181,0.9113271675012858,-0.6782012230877916,Thấp,0,1,1,0,0,0,1,0,0,0,1,0,1,0,0,0,1,0,0,0,0,1,0,0,0,0,1,0,0,0,0,0
0.1635444462010287,-0.17219652475958877,12,4,-0.7190409724063047,-0.7233527644149647,-0.9794119280435646,0.26309486695286294,-1.121146273624214,-0.7483533060926038,-0.663113011945558,0.13042855748217855,-0.18695881789495306,-0.9083711304684102,0.2139113971709999,0.88818529212181,0.9113271675012858,-0.7152882457131365,Thấp,0,1,1,0,0,0,0,1,0,0,1,0,1,0,0,0,1,0,0,0,0,1,0,0,0,0,1,0,0,0,0,0
0.1635444462010287,-0.7037155957136386,12,4,-0.7190409724063047,-0.3306802948051665,-0.9794119280435646,-0.1544816899706819,-0.995837755150386,-0.7483533060926038,-0.663113011945558,0.13042855748217855,-0.18695881789495306,-0.9083711304684102,0.2139113971709999,0.88818529212181,0.9113271675012858,-0.6534765413375616,Thấp,0,1,1,0,0,0,0,0,1,0,1,0,1,0,0,0,1,0,0,0,0,1,0,0,0,0,1,0,0,0,0,0
0.9728797825291962,1.1146391207081108,12,2,-0.6215181982148675,-0.95575075663301,-0.9794119280435646,-0.23799700135539206,-1.0508975587222196,-0.7483533060926038,-0.663113011945558,0.13042855748217855,-0.18695881789495306,-0.9083711304684102,0.2139113971709999,0.88818529212181,0.9113271675012858,-0.6225706891497741,Thấp,0,1,1,0,0,1,0,0,0,0,1,0,1,0,0,0,1,0,0,0,0,1,0,0,0,0,1,0,0,0,0,0
-0.6457908901271388,-0.6197915318787887,12,4,-0.280188488544833,-0.07424113097835695,-0.3245316930587299,0.34661017833757307,-0.450935561180861,-0.19534176526605673,-0.0022826609705510117,0.7010945633928644,-0.41323213637567624,-0.1707546632931602,0.2139113971709999,0.26199438297291733,0.47124507410408445,-0.5360343030239691,Thấp,0,1,1,0,0,0,1,0,0,0,1,0,1,0,0,0,1,0,0,0,0,1,0,0,0,0,1,0,0,0,0,0
-0.6457908901271388,-0.6197915318787887,12,4,-0.280188488544833,-0.07424113097835695,-0.3245316930587299,0.34661017833757307,-0.49270506733880365,-0.19534176526605673,-0.0022826609705510117,0.7010945633928644,-0.41323213637567624,-0.1707546632931602,0.2139113971709999,0.26199438297291733,0.47124507410408445,-0.46186025777327927,Thấp,0,1,1,0,0,0,0,1,0,0,1,0,1,0,0,0,1,0,0,0,0,1,0,0,0,0,1,0,0,0,0,0
-0.6457908901271388,-0.004348397089888814,12,4,0.23993297380950365,0.5908979501974254,0.28357138228432704,0.5136408011069904,1.0128957682634032,1.2713410169260897,0.3648453117933418,0.06702122349210235,-0.28752473721971894,1.2781348258010812,0.2139113971709999,-1.3034828898993143,-1.289083299484721,0.026452206793762922,Thấp,0,1,1,0,0,0,0,1,0,0,1,0,1,0,0,0,0,0,1,0,0,0,1,0,0,0,0,0,0,1,0,0
-0.6457908901271388,-0.5638421559888886,12,4,0.23993297380950365,0.8232959424154708,0.28357138228432704,0.9312173580305353,1.3945171654336976,1.2713410169260897,0.3648453117933418,0.06702122349210235,-0.28752473721971894,1.2781348258010812,0.2139113971709999,-1.3034828898993143,-1.289083299484721,0.13771327466979785,Thấp,0,1,1,0,0,0,0,0,1,0,1,0,1,0,0,0,0,0,1,0,0,0,1,0,0,0,0,0,0,1,0,0
-0.6457908901271388,-0.5638421559888886,12,4,0.23993297380950365,0.8232959424154708,0.28357138228432704,0.5136408011069904,0.9464442811939489,1.2713410169260897,0.3648453117933418,0.06702122349210235,-0.28752473721971894,1.2781348258010812,0.2139113971709999,-0.990387435324868,-0.8490012060875196,0.026452206793762922,Thấp,0,1,1,0,0,0,0,1,0,0,1,0,1,0,0,0,0,0,1,0,0,0,1,0,0,0,0,0,0,1,0,0
1.7822151188573636,1.8419810072768106,12,2,-1.2391624347606414,-0.2906116754572277,0.9384516172691617,-1.7412726062801511,0.9673290342729202,1.2713410169260897,0.3648453117933418,0.06702122349210235,-0.28752473721971894,1.4888823878511526,0.2139113971709999,-0.990387435324868,-0.8490012060875196,0.4838588191730176,Thấp,0,1,1,0,0,0,1,0,0,0,0,1,1,0,0,0,0,0,1,0,0,0,1,0,0,0,0,0,0,1,0,0
1.7822151188573636,1.8419810072768106,12,2,-1.2391624347606414,-0.2906116754572277,0.9384516172691617,-1.7412726062801511,1.0964347805792884,1.2713410169260897,0.3648453117933418,0.06702122349210235,-0.5892224951940165,2.5426201981015097,0.2139113971709999,-1.3034828898993143,-1.1423892683523205,0.7929173410508924,Vừa,0,1,0,1,0,0,1,0,0,0,0,1,1,0,0,0,0,0,1,0,0,0,1,0,0,0,0,0,0,1,0,0
0.1635444462010287,2.8770444612399606,12,2,0.0448874254266271,0.3344587863706181,0.9384516172691617,-1.7412726062801511,1.0964347805792884,1.2713410169260897,0.3648453117933418,0.06702122349210235,-0.28752473721971894,1.4888823878511526,0.2139113971709999,-0.990387435324868,-0.8490012060875196,0.6322069096743975,Thấp,0,1,1,0,0,0,1,0,0,0,0,1,1,0,0,0,0,0,1,0,0,0,1,0,0,0,0,0,0,1,0,0
-0.6457908901271388,0.9188163050934609,13,4,1.4589676512024792,0.9915841436768131,1.1723374154780304,1.1817632921846628,0.870499724543144,-0.19534176526605673,0.4749837036225088,-0.18660811246820244,-0.4383736162068676,-0.1707546632931602,-0.21280591191430107,-0.990387435324868,-0.99569523721992,-0.1712216237993258,Thấp,0,1,1,0,0,0,0,1,0,0,0,1,1,0,0,1,0,0,0,0,0,1,0,0,0,0,0,0,0,1,0,0
-0.6457908901271388,0.9188163050934609,13,4,1.4589676512024792,0.9915841436768131,1.1723374154780304,1.1817632921846628,1.2065543877229556,0.5740655958839218,1.3560908382558516,0.8596128983680541,2.729452842523256,-0.22344155380567804,-2.0263544755268303,0.41854211026014054,0.324551042971684,-0.010511192422830903,Thấp,1,0,0,1,0,0,0,1,0,0,0,1,1,0,0,1,0,0,0,0,0,1,0,0,0,0,0,1,0,0,0,0
-0.6457908901271388,0.9188163050934609,13,4,2.4829567802125783,1.9692584557665207,1.1723374154780304,2.0169164060317524,1.2692086469598696,-0.19534176526605673,0.4749837036225088,-0.18660811246820244,-0.4383736162068676,-0.1707546632931602,-0.21280591191430107,-0.990387435324868,-0.99569523721992,-0.10446498307370485,Thấp,0,1,1,0,0,0,0,0,1,0,0,1,1,0,0,1,0,0,0,0,0,1,0,0,0,0,0,0,0,1,0,0
-0.6457908901271388,0.9188163050934609,13,4,2.4829567802125783,1.9692584557665207,1.1723374154780304,2.0169164060317524,1.648931430213894,0.5740655958839218,1.3560908382558516,0.8596128983680541,2.729452842523256,-0.22344155380567804,-2.0263544755268303,-0.051101071601528984,-0.8490012060875196,0.07108025735292804,Thấp,1,0,0,1,0,0,0,0,1,0,0,1,1,0,0,1,0,0,0,0,0,1,0,0,0,0,0,1,0,0,0,0
-0.6457908901271388,0.9188163050934609,13,4,1.4589676512024792,0.9915841436768131,1.1723374154780304,1.1817632921846628,0.9749234899380007,-0.19534176526605673,0.4749837036225088,-3.3569748119720098,-0.4383736162068676,-0.22344155380567804,-0.21280591191430107,-0.990387435324868,-0.99569523721992,0.2837125204049059,Thấp,0,1,1,0,0,0,0,1,0,0,0,1,1,0,0,1,0,0,0,0,0,1,0,0,0,0,0,0,0,1,0,0
-0.6457908901271388,0.9188163050934609,13,4,1.4589676512024792,0.9915841436768131,1.1723374154780304,1.1817632921846628,1.3109781531178122,0.5740655958839218,1.3560908382558516,0.8596128983680541,2.729452842523256,-0.22344155380567804,-2.0263544755268303,0.41854211026014054,0.324551042971684,0.4468954199564238,Thấp,1,0,0,1,0,0,0,1,0,0,0,1,1,0,0,1,0,0,0,0,0,1,0,0,0,0,0,1,0,0,0,0
-0.6457908901271388,0.9188163050934609,13,4,2.4829567802125783,1.9692584557665207,1.1723374154780304,1.1817632921846628,1.3736324123547263,-0.19534176526605673,0.4749837036225088,-3.3569748119720098,-0.4383736162068676,-0.22344155380567804,-0.21280591191430107,-0.990387435324868,-0.99569523721992,0.421552621162438,Thấp,0,1,1,0,0,0,0,0,1,0,0,1,1,0,0,1,0,0,0,0,0,1,0,0,0,0,0,0,0,1,0,0
-0.6457908901271388,0.9188163050934609,13,4,2.4829567802125783,1.9692584557665207,1.1723374154780304,2.0169164060317524,1.7533551956087507,0.5740655958839218,1.3560908382558516,0.8596128983680541,2.729452842523256,-0.22344155380567804,-2.0263544755268303,-0.051101071601528984,-0.8490012060875196,0.468529516487875,Thấp,1,0,0,1,0,0,0,0,1,0,0,1,1,0,0,1,0,0,0,0,0,1,0,0,0,0,0,1,0,0,0,0
-0.6457908901271388,0.9188163050934609,13,4,1.4589676512024792,0.9915841436768131,1.1723374154780304,1.1817632921846628,0.9749234899380007,-0.19534176526605673,0.4749837036225088,-0.18660811246820244,-0.4383736162068676,-0.1707546632931602,-0.21280591191430107,-0.990387435324868,-0.99569523721992,0.4135170995936133,Thấp,0,1,1,0,0,0,0,1,0,0,0,1,1,0,0,1,0,0,0,0,0,1,0,0,0,0,0,0,0,1,0,0
-0.6457908901271388,0.9188163050934609,13,4,1.4589676512024792,0.9915841436768131,1.1723374154780304,1.1817632921846628,1.3109781531178122,0.5740655958839218,1.3560908382558516,0.8596128983680541,2.729452842523256,-0.22344155380567804,-2.0263544755268303,0.41854211026014054,0.324551042971684,0.5766999991451311,Thấp,1,0,0,1,0,0,0,1,0,0,0,1,1,0,0,1,0,0,0,0,0,1,0,0,0,0,0,1,0,0,0,0
-0.6457908901271388,0.9188163050934609,13,4,1.4752214469010512,0.9915841436768131,1.1255602558362527,0.8894597023381802,1.0793472553328574,0.14127395523705885,1.0256756627683472,-0.12320077847812626,-0.7903543338435481,1.0147003732384918,1.067346015341602,-1.1469351626120912,-0.99569523721992,0.6014246808953612,Thấp,0,1,0,1,0,0,0,1,0,0,0,1,1,0,0,1,0,0,0,0,0,1,0,0,0,0,0,0,0,1,0,0
0.1635444462010287,-0.25612058859443876,14,2,-0.8490713379948882,-1.364450673981985,-0.9794119280435646,-1.281938393664254,-1.2217728111865305,-0.9166611663441615,-1.3239433629205635,-0.05979344448805005,-0.18695881789495306,-0.9347145757246692,0.8539873607989514,1.827471655845149,1.4981032920308877,-0.9535105543766025,Thấp,0,1,1,0,0,0,1,0,0,0,1,0,1,0,0,0,1,0,0,0,0,1,0,0,0,0,1,0,0,0,0,0
0.1635444462010287,-0.25612058859443876,14,2,-0.8490713379948882,-1.364450673981985,-0.9794119280435646,-1.281938393664254,-0.8230638887698049,-0.724309326056667,-1.1036665792622293,0.44746522743255956,-0.6395054548563994,-0.03903743701186552,0.8539873607989514,-0.20764879888875215,-0.11553105042551734,-0.6586687245051099,Thấp,0,1,0,1,0,0,1,0,0,0,1,0,1,0,0,0,1,0,0,0,0,1,0,0,0,0,0,0,0,0,1,0
0.1635444462010287,0.722993489478811,14,4,-0.8490713379948882,-1.364450673981985,-0.9794119280435646,-1.3654537050489615,-1.1287407292892946,-0.9166611663441615,-1.3239433629205635,-0.05979344448805005,-0.18695881789495306,-0.9347145757246692,0.8539873607989514,0.88818529212181,1.0580211986336863,-0.8722899748270969,Thấp,0,1,1,0,0,0,1,0,0,0,1,0,1,0,0,0,1,0,0,0,0,1,0,0,0,0,1,0,0,0,0,0
0.1635444462010287,0.722993489478811,14,4,-0.8490713379948882,-0.5630782870232096,-0.9794119280435646,-1.281938393664254,-1.0869712231313517,-0.9166611663441615,-1.3239433629205635,-0.05979344448805005,-0.18695881789495306,-0.9347145757246692,0.8539873607989514,0.88818529212181,1.0580211986336863,-0.8150523365753145,Thấp,0,1,1,0,0,0,0,1,0,0,1,0,1,0,0,0,1,0,0,0,0,1,0,0,0,0,1,0,0,0,0,0
0.1635444462010287,0.722993489478811,14,4,-0.8490713379948882,-0.5630782870232096,-0.9794119280435646,-1.281938393664254,-0.7034512120447872,-0.724309326056667,-1.3239433629205635,-0.05979344448805005,-0.18695881789495306,-0.9347145757246692,0.8539873607989514,0.88818529212181,1.0580211986336863,-0.70168967075051,Thấp,0,1,1,0,0,0,0,1,0,0,1,0,1,0,0,0,1,0,0,0,0,1,0,0,0,0,1,0,0,0,0,0
-1.4551262264553062,-1.5149815461171885,14,4,0.7112930490681194,0.021923555456695203,-0.6051946509093762,2.4762506186476494,-0.0503280248478652,-0.14725380519418307,0.07114293358222755,0.6693908963978256,-0.41323213637567624,-0.40784567059949056,-0.21280591191430107,-0.20764879888875215,-0.11553105042551734,-0.5394957584690014,Thấp,0,1,1,0,0,0,0,0,1,0,1,0,1,0,0,0,1,0,0,0,0,1,0,0,0,0,1,0,0,0,0,0
1.7822151188573636,0.9188163050934609,14,2,-0.49148783262628165,-0.09026857871753383,0.1900170630007783,-1.5324843278183786,0.4869797134565793,0.670241516027669,0.9522500682155687,1.937537576199348,-0.7903543338435481,1.0937307090072685,-0.21280591191430107,-0.990387435324868,-0.99569523721992,-0.06441099863833226,Thấp,0,1,0,1,0,0,1,0,0,0,0,1,1,0,0,0,1,0,0,0,0,1,0,0,0,0,0,0,0,0,1,0
1.7822151188573636,1.6181835037172108,15,2,-0.7190409724063047,-0.43485870510980595,1.1255602558362527,-1.5324843278183786,0.41103515680577446,0.5500216158479849,2.237197972889193,-0.44023744842850726,-0.16181733806376167,1.0410438184947508,0.8539873607989514,-0.990387435324868,-0.5556131438227186,1.079600025944809,Vừa,0,1,1,0,0,0,1,0,0,0,0,1,1,0,0,0,1,0,0,0,0,1,0,0,0,0,0,0,0,1,0,0
1.7822151188573636,0.9188163050934609,15,2,-1.531730757334955,-0.43485870510980595,-0.4180860123422787,-0.9478771481254166,0.3692656506478318,1.5839127573932685,1.5029420273614087,-1.1060144553243068,-0.16181733806376167,2.7270243148953224,1.7074219789695533,-1.3034828898993143,-0.8490012060875196,2.3788820519193945,Cao,0,1,1,0,0,1,0,0,0,0,0,1,0,1,0,0,0,1,0,0,0,0,1,0,0,0,0,0,0,1,0,0
1.7822151188573636,0.9188163050934609,15,2,-1.531730757334955,-0.43485870510980595,-0.4180860123422787,-0.9478771481254166,0.3692656506478318,1.5839127573932685,1.5029420273614087,-1.1060144553243068,-0.16181733806376167,2.7270243148953224,1.7074219789695533,-1.3034828898993143,-0.8490012060875196,2.5643171650461194,Cao,0,1,1,0,0,1,0,0,0,0,0,1,0,1,0,0,0,1,0,0,0,0,1,0,0,0,0,0,0,1,0,0
1.7822151188573636,0.9188163050934609,15,2,-1.531730757334955,-0.43485870510980595,-0.4180860123422787,-0.9478771481254166,0.45280466296371713,1.5839127573932685,1.5029420273614087,-1.1060144553243068,-0.16181733806376167,2.7270243148953224,1.7074219789695533,-1.3034828898993143,-0.8490012060875196,2.935187391299569,Cao,0,1,1,0,1,0,0,0,0,0,0,1,0,1,0,0,0,1,0,0,0,0,1,0,0,0,0,0,0,1,0,0
1.7822151188573636,0.611094737699011,17,2,0.02863362972805271,0.9835704198072258,0.28357138228432704,0.9312173580305353,0.1832014868533598,-0.1712977852301199,0.7686860818336231,-0.5670521164086597,-0.20958614974302534,0.17171012503820593,0.32059072444232517,-0.6772919807504216,-0.4089191126903182,-0.1774027942368833,Thấp,0,1,1,0,0,0,1,0,0,0,1,0,1,0,0,0,1,0,0,0,0,1,0,0,0,0,0,0,0,1,0,0
0.9728797825291962,-0.6757409077686887,17,4,0.02863362972805271,0.9835704198072258,0.28357138228432704,0.9312173580305353,0.2534502017553543,-0.1712977852301199,0.7686860818336231,-0.5670521164086597,-0.21210029772614442,0.17171012503820593,0.32059072444232517,-0.6772919807504216,-0.4089191126903182,-0.13784330343651532,Thấp,0,1,1,0,0,0,0,1,0,0,1,0,1,0,0,0,1,0,0,0,0,1,0,0,0,0,0,0,0,1,0,0
1.7822151188573636,0.611094737699011,17,2,0.02863362972805271,0.9835704198072258,0.28357138228432704,0.9312173580305353,0.2762335687505958,-0.1712977852301199,-2.9025936458053017,-3.737418815912467,-0.21210029772614442,0.17171012503820593,0.32059072444232517,-0.6772919807504216,-0.4089191126903182,0.21695587967928495,Thấp,0,1,1,0,0,0,1,0,0,0,1,0,1,0,0,0,1,0,0,0,0,1,0,0,0,0,0,0,0,1,0,0
0.9728797825291962,-0.6757409077686887,17,4,0.02863362972805271,0.9835704198072258,0.28357138228432704,0.9312173580305353,0.373062878480372,-0.1712977852301199,0.7686860818336231,-0.5670521164086597,-0.21210029772614442,0.17171012503820593,0.32059072444232517,-0.6772919807504216,-0.4089191126903182,0.2750588817923254,Thấp,0,1,1,0,0,0,0,1,0,0,1,0,1,0,0,0,1,0,0,0,0,1,0,0,0,0,0,0,0,1,0,0
1.7822151188573636,0.611094737699011,17,2,0.02863362972805271,0.9835704198072258,0.28357138228432704,0.9312173580305353,0.4679935742938781,-0.1712977852301199,0.7686860818336231,-0.5670521164086597,-0.28752473721971894,1.4888823878511526,0.8539873607989514,-0.990387435324868,-0.7023071749551192,0.6014246808953612,Thấp,0,1,0,1,0,0,1,0,0,0,1,0,1,0,1,0,0,0,0,0,0,1,0,0,0,0,0,0,0,1,0,0
0.9728797825291962,-0.6757409077686887,17,4,0.02863362972805271,0.9835704198072258,0.28357138228432704,0.9312173580305353,0.5420395170284129,-0.1712977852301199,0.7686860818336231,-0.5670521164086597,-0.28752473721971894,1.4888823878511526,0.8539873607989514,-0.990387435324868,-0.7023071749551192,0.6595276830084016,Vừa,0,1,0,1,0,0,0,1,0,0,1,0,1,0,1,0,0,0,0,0,0,1,0,0,0,0,0,0,0,1,0,0
0.9728797825291962,-1.2632093546126384,18,2,-0.8490713379948882,-1.3965055694603365,-1.1665205666106588,-0.07096637858597175,-0.9711557742388743,-0.7483533060926038,1.0623884600447373,-2.8180124730563625,-0.28752473721971894,-0.9083711304684102,-0.42616456645695155,0.88818529212181,0.7646331363688853,-1.0096355819496245,Thấp,0,1,1,0,0,0,1,0,0,0,1,0,1,0,0,0,0,1,0,0,0,1,0,0,0,0,1,0,0,0,0,0
0.9728797825291962,-1.2632093546126384,18,2,-0.8490713379948882,-1.3163683307644591,-1.07296624732711,-0.07096637858597175,-0.8382528000999658,-0.48386952569729863,1.0623884600447373,-1.9303097971952958,-0.3629491767132935,-0.8029973494433745,-1.492957839170204,0.10544665568569418,0.031162980706883107,-0.7704242860161494,Thấp,0,1,1,0,0,0,1,0,0,0,1,0,1,0,0,0,0,1,0,0,0,1,0,0,0,0,1,0,0,0,0,0
0.9728797825291962,-1.2632093546126384,18,2,-0.9140865207891812,-1.364450673981985,-0.9794119280435646,0.7641867352611179,-0.6104191301475512,-0.48386952569729863,1.0623884600447373,-1.9303097971952958,-0.3629491767132935,-0.8029973494433745,-1.492957839170204,0.10544665568569418,0.031162980706883107,-0.702431411203017,Thấp,0,1,1,0,0,0,1,0,0,1,0,0,1,0,0,0,0,1,0,0,0,1,0,0,0,0,1,0,0,0,0,0
-0.6457908901271388,-0.7316902836585886,18,4,-0.280188488544833,-0.186433265152586,-0.23097737377518118,-0.5720582468942268,-0.7907874521932128,-0.48386952569729863,1.0623884600447373,-1.9303097971952958,-0.16181733806376167,-0.5659063421370442,-0.639523220999602,1.0447330194090332,0.9113271675012858,-0.7613997771773154,Thấp,0,1,1,0,0,0,0,1,0,0,1,0,1,0,0,0,0,1,0,0,0,1,0,0,0,0,1,0,0,0,0,0
-0.6457908901271388,-0.7316902836585886,18,4,-0.280188488544833,-0.186433265152586,-0.23097737377518118,-0.5720582468942268,-0.7053498259610573,-0.48386952569729863,1.0623884600447373,-1.9303097971952958,-0.16181733806376167,-0.5659063421370442,-1.492957839170204,0.41854211026014054,0.324551042971684,-0.6811681848978192,Thấp,0,1,1,0,0,0,0,1,0,0,1,0,1,0,0,0,0,1,0,0,0,1,0,0,0,0,1,0,0,0,0,0
-0.6457908901271388,-0.7316902836585886,18,4,-0.280188488544833,-0.186433265152586,-0.23097737377518118,-0.5720582468942268,-0.420557738520539,-0.48386952569729863,1.0623884600447373,-1.9303097971952958,-0.28752473721971894,-0.24978499906193696,0.2139113971709999,0.10544665568569418,0.17785701183928357,-0.41105103677655663,Thấp,0,1,1,0,0,0,0,1,0,0,1,0,1,0,0,0,0,1,0,0,0,1,0,0,0,0,0,0,0,1,0,0
-0.6457908901271388,-0.7316902836585886,18,4,-0.3126960799419795,-0.186433265152586,-0.23097737377518118,0.17957955556815278,-0.3351201122883835,-0.48386952569729863,1.0623884600447373,-1.9303097971952958,-0.28752473721971894,-0.5659063421370442,-0.639523220999602,-0.20764879888875215,-0.8490012060875196,-0.5009252549386426,Thấp,0,1,1,0,0,0,0,1,0,1,0,0,1,0,0,0,0,1,0,0,0,1,0,0,0,0,1,0,0,0,0,0
-0.6457908901271388,-0.7316902836585886,18,4,-0.3126960799419795,-0.186433265152586,-0.23097737377518118,0.17957955556815278,-0.09779337275461825,-0.48386952569729863,1.0623884600447373,-1.9303097971952958,-0.6143639750252079,0.19805357029446488,-0.639523220999602,-0.20764879888875215,-0.2622250815579178,-0.25046422880881286,Thấp,0,1,0,1,0,0,0,1,0,1,0,0,1,0,0,0,0,1,0,0,0,1,0,0,0,0,0,0,0,1,0,0
-0.6457908901271388,-1.0953612269429385,18,4,-0.3126960799419795,-0.06622740710876965,-0.23097737377518118,-0.36326996843245435,-0.5154884343340451,-0.48386952569729863,1.0623884600447373,-1.9303097971952958,-0.28752473721971894,-0.5659063421370442,-0.639523220999602,0.41854211026014054,0.17785701183928357,-0.719738688428178,Thấp,0,1,1,0,0,0,0,0,1,0,1,0,1,0,0,0,0,1,0,0,0,1,0,0,0,0,1,0,0,0,0,0
-0.6457908901271388,-1.0953612269429385,18,4,-0.3126960799419795,-0.06622740710876965,-0.23097737377518118,-0.36326996843245435,-0.20221713814947495,-0.48386952569729863,1.0623884600447373,-1.9303097971952958,-0.28752473721971894,-0.24978499906193696,0.2139113971709999,-0.051101071601528984,0.031162980706883107,-0.38162866549378294,Thấp,0,1,1,0,0,0,0,0,1,0,1,0,1,0,0,0,0,1,0,0,0,1,0,0,0,0,0,0,0,1,0,0
-0.6457908901271388,-1.2072599787227385,18,4,-0.32894987564055156,-0.05821368323918235,-0.23097737377518118,0.43012548972228026,-0.26866862521892926,-0.48386952569729863,1.0623884600447373,-1.9303097971952958,-0.28752473721971894,-0.5659063421370442,-0.639523220999602,-0.3641965261759753,-0.2622250815579178,-0.6517458136150455,Thấp,0,1,1,0,0,0,0,0,1,1,0,0,1,0,0,0,0,1,0,0,0,1,0,0,0,0,1,0,0,0,0,0
-0.6457908901271388,-1.2072599787227385,18,4,-0.32894987564055156,-0.05821368323918235,-0.23097737377518118,0.43012548972228026,0.16801257552319884,-0.48386952569729863,1.0623884600447373,-1.9303097971952958,-0.6143639750252079,0.19805357029446488,-0.639523220999602,-0.3641965261759753,-1.1423892683523205,-0.1966880460020627,Thấp,0,1,0,1,0,0,0,0,1,1,0,0,1,0,0,0,0,1,0,0,0,1,0,0,0,0,0,0,0,1,0,0
0.1635444462010287,-1.1513106028328386,19,2,-0.5239954240234281,-1.2522585398077584,-1.07296624732711,0.26309486695286294,-1.0945656787964324,-0.8685732062722878,-1.030240984709451,-0.6938667843888121,-0.28752473721971894,-1.0927752472622227,-0.639523220999602,1.5143762012707027,1.2047152297660868,-0.98120219793686,Thấp,0,1,1,0,0,0,1,0,0,0,1,0,1,0,0,0,1,0,0,0,0,1,0,0,0,0,1,0,0,0,0,0
0.1635444462010287,-1.1513106028328386,19,2,-0.5239954240234281,-1.2522585398077584,-1.07296624732711,0.26309486695286294,-0.9901419134015756,-0.8685732062722878,-1.030240984709451,-0.6938667843888121,-0.28752473721971894,-1.0927752472622227,-0.639523220999602,0.88818529212181,1.0580211986336863,-0.8588150232732216,Thấp,0,1,1,0,0,0,1,0,0,0,1,0,1,0,0,0,1,0,0,0,0,1,0,0,0,0,1,0,0,0,0,0
0.1635444462010287,-1.5149815461171885,19,4,-0.5239954240234281,-1.2522585398077584,-1.07296624732711,0.26309486695286294,-1.0376072613083287,-0.8685732062722878,-1.030240984709451,-0.6938667843888121,-0.28752473721971894,-1.0927752472622227,-0.639523220999602,0.88818529212181,1.0580211986336863,-0.8402715119605492,Thấp,0,1,1,0,0,0,1,0,0,0,1,0,1,0,0,0,1,0,0,0,0,1,0,0,0,0,1,0,0,0,0,0
-0.6457908901271388,-1.4310574822823385,19,4,-0.5239954240234281,-0.3707489141531053,-1.07296624732711,2.1839470288011698,-0.5344745734967463,-0.8685732062722878,-1.030240984709451,-0.6938667843888121,-0.28752473721971894,-1.0927752472622227,-0.639523220999602,0.88818529212181,0.9113271675012858,-0.7871134461975546,Thấp,0,1,1,0,0,0,0,0,1,0,1,0,1,0,0,0,1,0,0,0,0,1,0,0,0,0,1,0,0,0,0,0
-0.6457908901271388,-1.3191587305025385,19,4,-0.5239954240234281,-0.3707489141531053,-1.07296624732711,2.1839470288011698,-0.5154884343340451,-0.8685732062722878,-1.030240984709451,-0.6938667843888121,-0.28752473721971894,-1.0927752472622227,-0.639523220999602,0.26199438297291733,0.17785701183928357,-0.6659625056214278,Thấp,0,1,1,0,0,0,0,0,1,1,0,0,1,0,0,0,1,0,0,0,0,1,0,0,0,0,1,0,0,0,0,0
-0.6457908901271388,-1.0394118510530386,19,4,-0.5239954240234281,-0.3707489141531053,-1.07296624732711,2.1839470288011698,1.041374977007455,-0.8685732062722878,-1.030240984709451,-0.6938667843888121,-0.28752473721971894,-1.0927752472622227,-0.639523220999602,0.26199438297291733,0.17785701183928357,-0.5571739059204158,Thấp,0,1,1,0,0,0,0,0,1,1,0,0,1,0,0,0,1,0,0,0,0,1,0,0,0,0,1,0,0,0,0,0
-0.6457908901271388,-1.0394118510530386,19,4,-0.5239954240234281,-0.6432155257190871,-0.6987489701929184,-0.36326996843245435,-0.9122987428345006,-0.724309326056667,-0.516261822840001,-0.6938667843888121,-0.28752473721971894,-0.8820276852121514,-0.639523220999602,0.7316375648345869,0.9113271675012858,-0.7846409780225316,Thấp,0,1,1,0,0,0,0,1,0,0,1,0,1,0,0,0,1,0,0,0,0,1,0,0,0,0,1,0,0,0,0,0
-0.6457908901271388,-1.0394118510530386,19,4,-0.5239954240234281,-0.6432155257190871,-0.6987489701929184,-0.4467852798171645,-0.8591375531789371,-0.724309326056667,-0.516261822840001,-0.6938667843888121,-0.28752473721971894,-0.8820276852121514,-0.639523220999602,0.7316375648345869,0.9113271675012858,-0.7524988917472327,Thấp,0,1,1,0,0,0,1,0,0,0,1,0,1,0,0,0,1,0,0,0,0,1,0,0,0,0,1,0,0,0,0,0
-0.6457908901271388,-1.0394118510530386,19,4,-0.5239954240234281,-0.6432155257190871,-0.6987489701929184,-0.36326996843245435,-0.543967643078097,-0.43578156562542497,-0.2225594446288867,0.32065055945240717,3.1065750399911276,-1.2508359187997764,-1.2795991846275534,1.3578284739834796,0.7646331363688853,-0.6659625056214278,Thấp,1,0,1,0,0,0,0,1,0,0,1,0,1,0,0,0,1,0,0,0,0,1,0,0,0,0,0,1,0,0,0,0
-0.6457908901271388,-1.0394118510530386,19,4,-0.5239954240234281,-0.6432155257190871,-0.6987489701929184,-0.4467852798171645,-0.543967643078097,-0.43578156562542497,-0.2225594446288867,0.32065055945240717,3.1065750399911276,-1.2508359187997764,-1.2795991846275534,1.9840193831323722,2.37826747882529,-0.6795610805840543,Thấp,1,0,1,0,0,0,1,0,0,0,1,0,1,0,0,0,1,0,0,0,0,1,0,0,0,0,0,1,0,0,0,0
-0.6457908901271388,-1.0394118510530386,19,4,-0.5239954240234281,-0.6432155257190871,-0.6987489701929184,-0.36326996843245435,-0.887616761922989,-0.724309326056667,-0.516261822840001,-0.6938667843888121,-0.28752473721971894,-0.8820276852121514,-0.639523220999602,1.9840193831323722,2.37826747882529,-0.6857422510216118,Thấp,0,1,1,0,0,0,0,1,0,0,1,0,1,0,0,0,1,0,0,0,0,1,0,0,0,0,1,0,0,0,0,0
-0.6457908901271388,-1.0394118510530386,19,4,-0.5239954240234281,-0.6432155257190871,-0.6987489701929184,-0.4467852798171645,-0.8344555722674256,-0.724309326056667,-0.516261822840001,-0.6938667843888121,-0.28752473721971894,-0.8820276852121514,-0.639523220999602,0.41854211026014054,0.47124507410408445,-0.6090957375958987,Thấp,0,1,1,0,0,0,1,0,0,0,1,0,1,0,0,0,1,0,0,0,0,1,0,0,0,0,1,0,0,0,0,0
-0.6457908901271388,-1.0394118510530386,19,4,-0.5239954240234281,-0.6432155257190871,-0.6987489701929184,-0.4467852798171645,-0.8002805217745634,-0.724309326056667,-0.516261822840001,-0.6938667843888121,-0.28752473721971894,-0.8820276852121514,-0.639523220999602,0.41854211026014054,0.47124507410408445,-0.49783466971986384,Thấp,0,1,1,0,0,0,0,1,0,0,1,0,1,0,0,0,1,0,0,0,0,1,0,0,0,0,1,0,0,0,0,0
0.1635444462010287,1.1146391207081108,19,2,-0.7190409724063047,-0.4508861528489828,-0.8858576087600158,-0.5303005912018717,-0.7452207182027298,-0.724309326056667,-0.516261822840001,-0.6938667843888121,-0.28752473721971894,-0.8820276852121514,-0.639523220999602,0.5750898375473636,0.47124507410408445,-0.6461827602212438,Thấp,0,1,1,0,0,0,0,1,0,0,0,1,1,0,0,0,1,0,0,0,0,1,0,0,0,0,1,0,0,0,0,0
0.1635444462010287,1.1146391207081108,19,2,-0.7190409724063047,-0.4508861528489828,-0.8858576087600158,-0.5303005912018717,-0.6787692311332756,-0.724309326056667,-0.516261822840001,-0.6938667843888121,-0.28752473721971894,-0.8820276852121514,-0.639523220999602,0.5750898375473636,0.47124507410408445,-0.6239305466460368,Thấp,0,1,1,0,0,0,1,0,0,0,0,1,1,0,0,0,1,0,0,0,0,1,0,0,0,0,1,0,0,0,0,0
0.1635444462010287,1.1146391207081108,19,2,-0.7190409724063047,-0.4508861528489828,-0.8858576087600158,-0.5303005912018717,-0.5629537822407982,-0.724309326056667,-0.33269783645805373,-0.5353484494136208,-0.18695881789495306,0.2243970155507238,3.200932560768107,0.10544665568569418,-0.2622250815579178,-0.4928897333698179,Thấp,0,1,1,0,0,0,0,1,0,0,0,1,1,0,1,0,0,0,0,0,0,1,0,0,0,0,0,0,0,1,0,0
0.1635444462010287,1.1146391207081108,19,2,-0.7190409724063047,-0.4508861528489828,-0.8858576087600158,-0.5303005912018717,-0.49650229517134387,-0.724309326056667,-0.33269783645805373,-0.5353484494136208,-0.18695881789495306,0.2243970155507238,3.200932560768107,0.10544665568569418,-0.2622250815579178,-0.4632201152695419,Thấp,0,1,1,0,0,0,1,0,0,0,0,1,1,0,1,0,0,0,0,0,0,1,0,0,0,0,0,0,0,1,0,0
0.9728797825291962,0.16349973057981115,19,2,-0.08514294016195649,0.15014313737009882,-0.13742305449163905,-0.7808465253559992,-0.040834955266514594,0.4298017156683008,1.0623884600447373,0.796205564377978,-0.21210029772614442,0.32977079657575953,-0.639523220999602,-0.20764879888875215,-0.11553105042551734,-0.5978460073995442,Thấp,0,1,1,0,0,1,0,0,0,0,0,1,1,0,0,0,1,0,0,0,0,1,0,0,0,0,0,0,0,1,0,0
0.9728797825291962,0.16349973057981115,19,2,-0.08514294016195649,0.15014313737009882,-0.13742305449163905,-0.7808465253559992,-0.04842941093159508,0.4298017156683008,1.0623884600447373,0.796205564377978,-0.21210029772614442,0.32977079657575953,-0.639523220999602,-0.20764879888875215,-0.11553105042551734,-0.45073415098567576,Thấp,0,1,1,0,0,1,0,0,0,0,0,1,1,0,0,0,1,0,0,0,0,1,0,0,0,0,0,0,0,1,0,0
0.9728797825291962,0.16349973057981115,19,2,-0.08514294016195649,0.15014313737009882,-0.13742305449163905,-0.7808465253559992,-0.01995020218754325,0.4298017156683008,1.0623884600447373,0.796205564377978,-0.21210029772614442,0.32977079657575953,-0.639523220999602,-0.20764879888875215,-0.11553105042551734,-0.4074659579227733,Thấp,0,1,1,0,0,0,1,0,0,0,0,1,1,0,0,0,1,0,0,0,0,1,0,0,0,0,0,0,0,1,0,0
0.9728797825291962,0.16349973057981115,19,2,-0.08514294016195649,0.15014313737009882,-0.13742305449163905,-0.7808465253559992,0.22307237909503236,0.4298017156683008,1.0623884600447373,0.796205564377978,-0.21210029772614442,0.32977079657575953,-0.639523220999602,-0.20764879888875215,-0.11553105042551734,-0.25788163333388187,Thấp,0,1,1,0,0,1,0,0,0,0,0,1,1,0,0,0,1,0,0,0,0,1,0,0,0,0,0,0,0,1,0,0
0.9728797825291962,0.16349973057981115,19,2,-0.08514294016195649,0.15014313737009882,-0.13742305449163905,-0.7808465253559992,0.28952386616448667,0.4298017156683008,1.0623884600447373,0.796205564377978,-0.21210029772614442,0.32977079657575953,-0.639523220999602,-0.20764879888875215,-0.11553105042551734,-0.21461344027097942,Thấp,0,1,1,0,0,0,1,0,0,0,0,1,1,0,0,0,1,0,0,0,0,1,0,0,0,0,0,0,0,1,0,0
0.9728797825291962,0.16349973057981115,19,2,-0.08514294016195649,0.15014313737009882,-0.13742305449163905,-0.36326996843245435,0.7850620983109885,0.4298017156683008,1.0623884600447373,0.796205564377978,-0.21210029772614442,0.32977079657575953,-0.639523220999602,-0.20764879888875215,-0.11553105042551734,0.5419618212860581,Thấp,0,1,1,0,1,0,0,0,0,0,0,1,1,0,0,0,1,0,0,0,0,1,0,0,0,0,0,0,0,1,0,0
-1.4551262264553062,-1.7667537376217384,19,4,0.5650088877809638,0.10206079415257276,0.28357138228432704,0.43012548972228026,-0.4471383333483207,-0.14725380519418307,-0.07570825552332958,0.9230202323581304,-0.3629491767132935,-0.30247188957445487,-1.919675148255505,0.5750898375473636,0.47124507410408445,-0.5361579264327203,Thấp,0,1,1,0,0,0,0,1,0,0,1,0,1,0,0,0,1,0,0,0,0,1,0,0,0,0,0,0,0,1,0,0
-1.4551262264553062,-1.7667537376217384,19,4,0.5650088877809638,0.10206079415257276,0.28357138228432704,0.43012548972228026,-0.15475179024272193,-0.43578156562542497,-0.2225594446288867,0.32065055945240717,3.1065750399911276,-0.8029973494433745,-1.2795991846275534,0.7316375648345869,0.324551042971684,-0.319816961118208,Thấp,1,0,0,1,0,0,0,1,0,0,1,0,1,0,0,0,1,0,0,0,0,1,0,0,0,0,0,1,0,0,0,0
-1.4551262264553062,-1.7667537376217384,19,4,0.5650088877809638,0.10206079415257276,0.28357138228432704,0.012548932798735434,-0.28006030871654997,-0.14725380519418307,-0.07570825552332958,0.9230202323581304,-0.3629491767132935,-0.30247188957445487,-1.919675148255505,0.26199438297291733,0.17785701183928357,-0.40758958133152445,Thấp,0,1,1,0,0,0,1,0,0,0,1,0,1,0,0,0,1,0,0,0,0,1,0,0,0,0,0,0,0,1,0,0
-1.4551262264553062,-1.7667537376217384,19,4,0.5650088877809638,0.10206079415257276,0.28357138228432704,0.43012548972228026,-0.28006030871654997,-0.14725380519418307,-0.07570825552332958,0.9230202323581304,-0.3629491767132935,-0.30247188957445487,-1.919675148255505,0.26199438297291733,0.17785701183928357,-0.295092279367978,Thấp,0,1,1,0,0,0,0,1,0,0,1,0,1,0,0,0,1,0,0,0,0,1,0,0,0,0,0,0,0,1,0,0
-1.4551262264553062,-1.7667537376217384,19,4,0.5650088877809638,0.10206079415257276,0.28357138228432704,0.012548932798735434,-0.1965212964006646,-0.14725380519418307,-0.07570825552332958,0.9230202323581304,-0.3629491767132935,-0.30247188957445487,-1.919675148255505,0.26199438297291733,0.17785701183928357,-0.2518240863050755,Thấp,0,1,1,0,0,0,1,0,0,0,1,0,1,0,0,0,1,0,0,0,0,1,0,0,0,0,0,0,0,1,0,0
1.7822151188573636,1.9259050711116608,19,2,0.6462778662738288,0.7351449798500059,0.844897297985613,-0.7808465253559992,0.7869607122272586,1.0309012165667215,-0.2225594446288867,0.32065055945240717,-0.21210029772614442,1.5152258331074115,0.2139113971709999,-0.8338397080376448,-0.99569523721992,0.4046162141635305,Thấp,0,1,1,0,0,0,1,0,0,0,0,1,1,0,1,0,0,0,0,0,0,0,1,0,0,0,0,0,0,1,0,0
1.7822151188573636,1.9259050711116608,19,2,0.6462778662738288,0.7351449798500059,0.844897297985613,-0.7808465253559992,0.8629052688780635,1.0309012165667215,-0.2225594446288867,0.32065055945240717,-0.21210029772614442,1.5152258331074115,0.2139113971709999,-0.990387435324868,-0.99569523721992,0.33538710526288656,Thấp,0,1,1,0,0,0,1,0,0,0,0,1,1,0,1,0,0,0,0,0,0,0,1,0,0,0,0,0,0,1,0,0
-1.4551262264553062,-1.0673865389979886,19,4,0.906338597450996,1.0797351062422802,0.28357138228432704,0.09606424418344559,1.0812458692491276,1.0309012165667215,-0.2225594446288867,0.32065055945240717,-0.23724177755733622,1.3835086068261169,0.2139113971709999,-0.8338397080376448,-0.99569523721992,0.29731109536753236,Thấp,0,1,1,0,0,0,0,1,0,0,0,1,1,0,1,0,0,0,0,0,0,0,1,0,0,0,0,0,0,1,0,0
-1.4551262264553062,0.9188163050934609,19,4,0.906338597450996,1.0797351062422802,0.28357138228432704,0.09606424418344559,1.11921814757453,0.7904614162073532,-0.2225594446288867,0.32065055945240717,-0.23724177755733622,1.3835086068261169,0.2139113971709999,-0.990387435324868,-0.99569523721992,0.30472849989260137,Thấp,0,1,1,0,0,0,0,0,1,0,0,1,1,0,1,0,0,0,0,0,0,0,1,0,0,0,0,0,0,1,0,0
0.9728797825291962,-0.17219652475958877,20,2,-0.2639346928462609,-0.21047443676135016,-0.18420021413341012,0.7641867352611179,-0.5705482379058786,-0.7483533060926038,-1.177092173815008,0.47916889442759697,3.232282439147085,-1.356209699824812,-0.639523220999602,1.827471655845149,2.23157344769289,-0.6811681848978192,Thấp,1,0,1,0,0,0,0,1,0,0,1,0,1,0,0,0,1,0,0,0,0,1,0,0,0,0,0,1,0,0,0,0
0.9728797825291962,-0.17219652475958877,20,2,-0.2639346928462609,-0.21047443676135016,-0.18420021413341012,0.7641867352611179,-0.6692761615519249,-0.4598255456613618,-0.516261822840001,0.47916889442759697,-0.28752473721971894,-0.4868760063682674,0.32059072444232517,0.26199438297291733,0.47124507410408445,-0.6564435031475893,Thấp,0,1,1,0,0,0,0,1,0,0,1,0,1,0,0,0,1,0,0,0,0,1,0,0,0,0,0,0,0,1,0,0
0.9728797825291962,-0.9554877872181886,20,4,-0.2639346928462609,-0.21047443676135016,-0.18420021413341012,0.7641867352611179,-0.5648523961570683,-0.7483533060926038,-1.177092173815008,0.47916889442759697,3.232282439147085,-1.356209699824812,-0.639523220999602,1.827471655845149,2.23157344769289,-0.6539710349725663,Thấp,1,0,1,0,0,0,0,1,0,0,1,0,1,0,0,0,1,0,0,0,0,1,0,0,0,0,0,1,0,0,0,0
0.9728797825291962,-0.9554877872181886,20,4,-0.2639346928462609,-0.21047443676135016,-0.18420021413341012,0.7641867352611179,-0.6635803198031146,-0.4598255456613618,-0.516261822840001,0.47916889442759697,-0.28752473721971894,-0.4868760063682674,0.32059072444232517,0.26199438297291733,0.47124507410408445,-0.6292463532223362,Thấp,0,1,1,0,0,0,0,1,0,0,1,0,1,0,0,0,1,0,0,0,0,1,0,0,0,0,0,0,0,1,0,0
0.9728797825291962,-0.9554877872181886,20,4,-0.2639346928462609,-0.21047443676135016,-0.18420021413341012,0.7641867352611179,-0.543967643078097,-0.4598255456613618,-0.516261822840001,0.47916889442759697,-0.28752473721971894,-0.4868760063682674,0.32059072444232517,0.26199438297291733,0.47124507410408445,-0.5921593305969912,Thấp,0,1,1,0,0,0,0,1,0,0,1,0,1,0,0,0,1,0,0,0,0,1,0,0,0,0,0,0,0,1,0,0
0.9728797825291962,-0.9554877872181886,20,4,-0.2639346928462609,-0.21047443676135016,-0.18420021413341012,0.7641867352611179,-0.4604286307622116,-0.7483533060926038,-1.177092173815008,0.47916889442759697,3.232282439147085,-0.9347145757246692,-1.2795991846275534,1.827471655845149,1.644797323163288,-0.46853592184584136,Thấp,1,0,0,1,0,0,0,1,0,0,1,0,1,0,0,0,1,0,0,0,0,1,0,0,0,0,0,1,0,0,0,0
0.9728797825291962,-0.9554877872181886,20,4,-0.2639346928462609,-0.21047443676135016,-0.18420021413341012,0.7641867352611179,-0.49650229517134387,-0.4598255456613618,-0.516261822840001,0.47916889442759697,-0.036109938907804395,-0.09172432752438338,0.8539873607989514,0.10544665568569418,0.17785701183928357,-0.4067242174702664,Thấp,0,1,1,0,0,0,0,1,0,0,1,0,1,0,0,0,1,0,0,0,0,1,0,0,0,0,0,0,0,1,0,0
1.7822151188573636,0.9188163050934609,20,2,-0.7190409724063047,-1.20417619659023,-0.7923032894764671,0.7224290795687629,-0.5838385353197695,-0.4598255456613618,-0.516261822840001,0.47916889442759697,-0.41323213637567624,-0.3551587800869727,0.8539873607989514,-0.20764879888875215,-0.2622250815579178,-0.2089267634684265,Thấp,0,1,1,0,1,0,0,0,0,0,1,0,1,0,0,0,1,0,0,0,0,1,0,0,0,0,0,0,0,1,0,0
1.7822151188573636,3.57641165986371,20,2,-0.7190409724063047,-0.6912978689366155,-0.8858576087600158,-1.0313924595101267,-0.6464927945566835,-0.4598255456613618,-0.516261822840001,0.47916889442759697,-0.41323213637567624,-0.3551587800869727,0.8539873607989514,-0.20764879888875215,-0.2622250815579178,-0.40857856860153363,Thấp,0,1,1,0,0,0,1,0,0,0,1,0,1,0,0,0,1,0,0,0,0,1,0,0,0,0,0,0,0,1,0,0
-0.6457908901271388,0.9188163050934609,20,4,0.23993297380950365,0.4706920921536091,0.4706800208514246,0.5136408011069904,0.18889732860217018,0.1893619153089325,-0.516261822840001,0.47916889442759697,-0.41323213637567624,0.17171012503820593,0.8539873607989514,-0.990387435324868,-0.99569523721992,0.001233031408528339,Thấp,0,1,1,0,0,0,0,1,0,0,1,0,1,0,0,0,1,0,0,0,1,0,0,0,0,0,0,0,0,1,0,0
-0.6457908901271388,0.9188163050934609,20,4,0.23993297380950365,0.4706920921536091,0.4706800208514246,0.5136408011069904,0.03321098746802017,-0.7483533060926038,-1.177092173815008,0.47916889442759697,3.232282439147085,-0.9347145757246692,-1.2795991846275534,1.2012807466962563,1.0580211986336863,0.06922590622166079,Thấp,1,0,0,1,0,0,0,1,0,0,1,0,1,0,0,0,1,0,0,0,0,1,0,0,0,0,0,1,0,0,0,0
-0.6457908901271388,0.9188163050934609,20,4,0.23993297380950365,0.7030900843716544,0.4706800208514246,0.5136408011069904,0.0028331648076982147,-0.4598255456613618,-0.516261822840001,0.47916889442759697,-0.28752473721971894,-0.40784567059949056,0.8539873607989514,-0.051101071601528984,0.031162980706883107,-0.12300849438637733,Thấp,0,1,1,0,0,0,0,0,1,0,1,0,1,0,0,0,1,0,0,0,0,1,0,0,0,0,0,0,0,1,0,0
-2.264461562783474,-0.7037155957136386,21,4,0.8738310060538496,1.1598723449381578,0.6110114997767444,0.9729750137228903,0.6654494215859708,0.30958181548861663,1.6497932164669642,-0.31342278044835487,-0.16181733806376167,0.2770839060632417,0.6406287062563009,-0.3641965261759753,-0.4089191126903182,-0.04265327869812988,Thấp,0,1,1,0,0,0,0,1,0,0,0,1,1,0,0,0,1,0,0,0,0,1,0,0,0,0,0,0,0,1,0,0
-1.4551262264553062,-1.5149815461171885,21,4,0.8738310060538496,1.1598723449381578,0.6110114997767444,1.5158245377234973,0.8970803193709257,0.30958181548861663,1.6497932164669642,-0.31342278044835487,-0.16181733806376167,0.2770839060632417,0.6406287062563009,-0.3641965261759753,-0.4089191126903182,0.01606784045866633,Thấp,0,1,1,0,0,0,0,0,1,0,0,1,1,0,0,0,1,0,0,0,0,1,0,0,0,0,0,0,0,1,0,0
-2.264461562783474,-0.7037155957136386,21,4,0.8738310060538496,1.1598723449381578,0.6110114997767444,0.9729750137228903,0.7091175416601836,0.30958181548861663,1.6497932164669642,-0.31342278044835487,-0.16181733806376167,0.2770839060632417,0.6406287062563009,-0.20764879888875215,-0.4089191126903182,0.33378000094912164,Thấp,0,1,1,0,0,0,0,1,0,0,0,1,1,0,0,0,1,0,0,0,0,1,0,0,0,0,0,0,0,1,0,0
-1.4551262264553062,-1.5149815461171885,21,4,0.8738310060538496,1.1598723449381578,0.6110114997767444,1.5158245377234973,0.9122692307010867,0.30958181548861663,1.6497932164669642,-0.31342278044835487,-0.16181733806376167,0.2770839060632417,0.6406287062563009,-0.20764879888875215,-0.4089191126903182,0.39930040758723107,Thấp,0,1,1,0,0,0,0,0,1,0,0,1,1,0,0,0,1,0,0,0,0,1,0,0,0,0,0,0,0,1,0,0
-2.264461562783474,-0.7037155957136386,21,4,0.8738310060538496,1.1598723449381578,0.6110114997767444,0.9729750137228903,0.917965072449897,0.045098035093311555,1.0623884600447373,-0.31342278044835487,-0.6646469346875908,1.5415692783636703,0.0005527426283494286,-1.3034828898993143,-1.289083299484721,0.6348030012581717,Thấp,0,1,0,1,0,0,0,1,0,0,0,1,1,0,0,0,1,0,0,0,0,1,0,0,0,0,0,0,0,1,0,0
-1.4551262264553062,-1.5149815461171885,21,4,0.8738310060538496,1.1598723449381578,0.6110114997767444,1.5158245377234973,1.1306098310721506,0.045098035093311555,1.0623884600447373,-0.31342278044835487,-0.6646469346875908,1.5415692783636703,0.0005527426283494286,-1.3034828898993143,-1.289083299484721,0.7003234078962811,Vừa,0,1,0,1,0,0,0,0,1,0,0,1,1,0,0,0,1,0,0,0,0,1,0,0,0,0,0,0,0,1,0,0
-1.4551262264553062,-0.9275130992732386,21,4,1.6540131995853533,1.1598723449381578,1.4062232136868988,0.6806714238764078,0.7413939782367757,0.30958181548861663,1.6497932164669642,-0.31342278044835487,-0.16181733806376167,0.2770839060632417,0.6406287062563009,-0.3641965261759753,-0.4089191126903182,0.44009613247511054,Thấp,0,1,1,0,0,0,0,1,0,0,0,1,1,0,0,0,1,0,0,0,0,1,0,0,0,0,0,0,0,1,0,0
-1.4551262264553062,-0.9275130992732386,21,4,1.6540131995853533,1.1598723449381578,1.3594460540451212,0.6806714238764078,0.9255595281149775,0.30958181548861663,1.6497932164669642,-0.31342278044835487,-0.3629491767132935,1.4888823878511526,0.4272700517136504,-0.990387435324868,-0.8490012060875196,0.7120676317276403,Vừa,0,1,0,1,0,0,0,1,0,0,0,1,1,0,0,0,1,0,0,0,0,1,0,0,0,0,0,0,0,1,0,0
-1.4551262264553062,-0.9275130992732386,21,4,1.6540131995853533,1.1598723449381578,1.4062232136868988,0.6806714238764078,0.855310813212983,1.078989176638595,0.9155372709391801,-1.2011254563094202,-0.3378076968821017,0.8039528111884203,0.8539873607989514,-1.1469351626120912,-1.1423892683523205,1.0137087490804462,Vừa,0,1,1,0,0,0,0,1,0,0,0,1,1,0,0,0,0,0,1,0,0,0,1,0,0,0,0,0,0,1,0,0
-1.4551262264553062,-0.9275130992732386,21,4,1.6540131995853533,1.1598723449381578,1.4062232136868988,0.6806714238764078,1.244526666048358,0.40575773563236395,-1.177092173815008,0.47916889442759697,3.232282439147085,0.0663363440131702,-0.639523220999602,0.10544665568569418,-0.5556131438227186,1.1354778067003288,Vừa,1,0,0,1,0,0,0,1,0,0,0,1,1,0,0,0,1,0,0,0,0,0,1,0,0,0,0,1,0,0,0,0
-1.4551262264553062,-0.9275130992732386,21,4,1.6540131995853533,1.1598723449381578,1.4062232136868988,0.6806714238764078,0.9502415090264891,0.30958181548861663,1.6497932164669642,-0.31342278044835487,-0.16181733806376167,0.2770839060632417,0.6406287062563009,-0.990387435324868,-0.8490012060875196,1.154639435056757,Vừa,0,1,0,1,0,0,0,1,0,0,0,1,1,0,0,0,1,0,0,0,0,1,0,0,0,0,0,0,0,1,0,0
